Prop of Paraphernalia Drug Arrests per 100K,Prop Cannabis Arrests Per 100K,Prop Needle/Syringe Arrests per 100K,Prop Controlled Substance Arrests per 100K,Prop of Meth Arrests Per 100K,MVT Per 100K,Theft per 100K,Burglary per 100K,Robbery Per 100K,Homocides Per 100k,County,Year,HTIS per 100K,Arson per 100K,Population,HTS Per 100K,Battery/Assault Per 100K,Sexual Assault Per 100k,Total Index Crime Rates per 100K
253.776795844,310.503373739,4.478414044,94.046694930,177.643757091,64.190601302,1409.207619275,409.028482713,13.435242133,7.464023407,ADAMS,2015,0,10.449632770,66988,0,259.748014570,58.219382576,2231.7
106.780565937,467.164975974,0,146.823278163,0,120.128136679,1588.360918313,774.159103043,40.042712226,0,ALEXANDER,2015,0,106.780565937,7492,0,1348.104644955,40.042712226,4017.6
277.954716544,196.884590885,92.651572181,249.001100237,86.860848920,40.535062829,486.420753952,225.838207192,0,5.790723261,BOND,2015,0,0,17269,0,23.162893045,0,781.7
0,0,0,0,0,0,0,0,0,0,BOONE,2015,0,1.856355232,53869,0,0,0,1.9
117.096018735,204.918032787,0,43.911007026,14.637002342,29.274004684,73.185011710,58.548009368,0,0,BROWN,2015,0,0,6832,0,117.096018735,14.637002342,292.7
200.945626478,224.586288416,8.865248227,47.281323877,8.865248227,17.730496454,721.040189125,325.059101655,11.820330969,2.955082742,BUREAU,2015,0,0,33840,0,91.607565012,50.236406619,1220.4
190.282025144,210.669384981,27.183146449,47.570506286,88.345225960,20.387359837,951.410125722,169.894665308,6.795786612,0,CARROLL,2015,0,0,14715,0,33.978933062,13.591573225,1196.1
326.847065978,372.453633323,53.207661903,258.437214959,144.420796595,45.606567346,539.677713591,114.016418364,0,0,CASS,2015,0,0,13156,0,471.267862572,0,1170.6
154.007328625,337.464334510,15.931792616,117.315927448,2.413907972,94.625192509,2044.580052430,531.059753878,98.970226859,3.379471161,CHAMPAIGN,2015,0,17.862918994,207133,3.862252755,279.530543178,61.313262493,3135.2
306.857075416,138.675793698,2.950548802,91.467012864,47.208780833,61.961524844,492.741649947,188.835123333,17.703292812,0,CHRISTIAN,2015,0,8.851646406,33892,0,88.516464062,2.950548802,861.6
222.496909765,142.150803461,0,37.082818294,74.165636588,37.082818294,377.008652658,166.872682324,0,0,CLARK,2015,0,12.360939431,16180,0,37.082818294,6.180469716,636.6
207.100591716,192.307692308,0,66.568047337,155.325443787,14.792899408,1109.467455621,199.704142012,0,0,CLAY,2015,0,7.396449704,13520,0,81.360946746,0,1412.7
58.139534884,84.396099025,1.875468867,41.260315079,20.630157539,24.381095274,598.274568642,82.520630158,3.750937734,0,CLINTON,2015,0,18.754688672,53320,0,56.264066017,9.377344336,793.3
125.656414104,133.158289572,3.750937734,84.396099025,110.652663166,24.381095274,868.342085521,273.818454614,26.256564141,1.875468867,COLES,2015,0,18.754688672,53320,0,234.433608402,61.890472618,1509.8
99.324191416,444.452407492,4.155185901,323.780471999,1.582020320,239.151915121,1728.309548388,391.692982844,213.801469030,10.178299408,COOK,2015,0.095302429,19.289211613,5246456,0.457451659,288.366089414,36.424588332,2927.8
314.546485845,165.007992575,5.156499768,108.286495127,51.564997680,72.190996751,861.135461249,283.607487238,0,0,CRAWFORD,2015,0,20.625999072,19393,0,206.259990718,10.312999536,1454.1
46.155266316,55.386319579,0,9.231053263,9.231053263,36.924213053,175.390012000,92.310532632,0,0,CUMBERLAND,2015,0,0,10833,0,83.079479369,0,387.7
508.239934763,688.399613131,20.860594337,257.912802716,9.482088335,38.876562174,1512.393089454,211.450569874,33.187309173,0.948208834,DEKALB,2015,0,16.119550170,105462,0,180.159678368,67.322827179,2060.5
147.383935151,122.819945959,0,6.140997298,0,18.422991894,491.279783837,276.344878408,0,0,DEWITT,2015,0,12.281994596,16284,0,18.422991894,42.986981086,859.7
367.037055659,105.586002313,10.055809744,90.502287697,0,45.251143848,427.371914123,155.865051033,5.027904872,0,DOUGLAS,2015,0,0,19889,0,231.283624114,5.027904872,869.8
219.254043066,345.981807811,5.253519858,75.800786527,1.822649747,36.238565553,1070.324260111,141.737821483,23.801661399,0.428858764,DUPAGE,2015,0.321644073,6.647310841,932708,0.321644073,48.032181562,17.047135867,1344.9
605.347233899,241.017880164,28.025334903,252.228014125,375.539487697,117.706406592,801.524578219,610.952300880,11.210133961,0,EDGAR,2015,0,16.815200942,17841,0,162.546942436,16.815200942,1737.6
0,30.225177573,0,0,0,0,151.125887865,136.013299078,0,0,EDWARDS,2015,0,0,6617,0,60.450355146,0,347.6
442.890442890,326.340326340,0,122.377622378,78.671328671,69.930069930,1459.790209790,343.822843823,8.741258741,0,EFFINGHAM,2015,0,14.568764569,34320,0,116.550116550,20.396270396,2033.8
210.333790581,132.601737540,13.717421125,123.456790123,54.869684499,22.862368541,855.052583448,155.464106081,0,0,FAYETTE,2015,0,0,21870,0,32.007315958,41.152263374,1106.5
569.842197545,409.117475161,14.611338399,146.113383986,87.668030392,36.528345996,971.654003507,460.257159556,21.917007598,0,FORD,2015,0,14.611338399,13688,0,292.226767972,58.445353594,1855.6
268.960442516,129.405495928,5.074725330,137.017583923,65.971429296,55.821978635,738.372535587,360.305498465,5.074725330,0,FRANKLIN,2015,0,7.612087996,39411,0,101.494506610,10.149450661,1278.8
269.392062654,211.070069709,0,111.089510373,16.663426556,52.767517427,824.839614519,211.070069709,11.108951037,2.777237759,FULTON,2015,0,13.886188797,36007,0,83.317132780,24.995139834,1224.8
113.400113400,151.200151200,37.800037800,37.800037800,18.900018900,37.800037800,737.100737101,359.100359100,0,0,GALLATIN,2015,0,18.900018900,5291,0,94.500094500,18.900018900,1266.3
297.751972607,171.207384249,89.325591782,133.988387673,126.544588358,14.887598630,565.728747953,364.746166443,0,0,GREENE,2015,0,0,13434,0,156.319785619,52.106595206,1153.8
517.600396629,454.139811601,57.511155181,194.348041646,11.898859693,15.865146257,819.038175508,216.162617749,11.898859693,0,GRUNDY,2015,0,21.814576103,50425,1.983143282,41.646008924,27.764005949,1156.2
0,12.054001929,0,12.054001929,12.054001929,96.432015429,421.890067502,216.972034716,0,0,HAMILTON,2015,0,24.108003857,8296,0,24.108003857,0,783.5
48.527984471,21.567993098,0,0,10.783996549,37.743987922,150.975951688,97.055968942,0,0,HANCOCK,2015,0,0,18546,0,21.567993098,16.175994824,323.5
0,0,0,24.218939210,48.437878421,72.656817631,508.597723420,145.313635263,0,0,HARDIN,2015,0,0,4129,0,145.313635263,24.218939210,896.1
0,0,0,0,0,0,0,0,0,0,HENDERSON,2015,0,0,6916,0,0,0,0
259.897249924,267.956079379,6.044122091,78.573587186,32.235317820,24.176488365,1216.883247708,177.294248010,2.014707364,0,HENRY,2015,0,0,49635,0,76.558879823,46.338269366,1543.3
152.359846255,152.359846255,10.388171336,110.807160913,31.164514007,41.552685342,931.472696423,353.197825409,13.850895114,0,IROQUOIS,2015,0,3.462723779,28879,0,103.881713356,20.776342671,1468.2
423.948925047,541.247046601,6.702749803,154.163245471,15.081187057,75.405935285,2022.554753087,614.977294435,70.378872933,1.675687451,JACKSON,2015,0,11.729812155,59677,0,149.136183119,68.703185482,3014.6
41.567078874,31.175309155,0,20.783539437,0,0,155.876545776,31.175309155,0,0,JASPER,2015,0,0,9623,0,20.783539437,0,207.8
399.647064930,412.622618986,25.951108112,233.559973011,384.076400062,64.877770281,2226.605076037,682.514143354,83.043545959,5.190221622,JEFFERSON,2015,0,57.092437847,38534,0,500.856386568,57.092437847,3677.3
531.655664348,350.006645696,141.774843826,314.562934739,44.304638696,26.582783217,1280.404058305,367.728501174,0,0,JERSEY,2015,0,8.860927739,22571,0,53.165566435,101.900669000,1838.6
265.120877146,211.197986879,0,31.455019322,31.455019322,40.442167700,867.259818460,287.588748090,8.987148378,0,JO DAVIESS,2015,0,8.987148378,22254,44.935741889,67.403612834,26.961445133,1352.6
126.974049679,95.230537259,15.871756210,55.551146734,71.422902944,31.743512420,357.114514721,119.038171574,0,7.935878105,JOHNSON,2015,0,0,12601,0,269.819855567,7.935878105,793.6
141.094544724,257.156186351,1.896432053,72.064418004,1.137859232,45.324726060,1000.557551024,190.591421300,42.669721187,2.465361669,KANE,2015,0,6.827155390,527306,0,121.750937786,22.567541428,1432.8
121.212121212,168.799102132,8.978675645,131.088664422,0.897867565,70.033670034,1656.565656566,440.852974186,73.625140292,4.489337823,KANKAKEE,2015,0,33.221099888,111375,0,166.105499439,35.016835017,2479.9
181.293778327,215.080346106,3.296250515,22.249690977,0.824062629,24.721878863,848.784507623,135.970333745,15.657189946,0,KENDALL,2015,0,3.296250515,121350,0,34.610630408,29.666254635,1092.7
90.448284309,216.699014491,0,141.325444233,56.530177693,69.720552488,1501.818387382,433.398028981,33.918106616,1.884339256,KNOX,2015,0,7.537357026,53069,0,282.650888466,50.877159924,2381.8
222.939383860,274.179484183,5.393694771,114.166539316,7.191593028,24.271626469,1448.207045963,299.350059780,14.383186056,1.797898257,LASALLE,2015,0,9.888440413,111241,0,92.591760232,37.755863396,1928.2
224.196169521,292.972350557,8.933813207,90.330777979,2.552518059,52.184813652,1151.611064315,240.362117229,38.145964327,1.985291824,LAKE,2015,0,14.606075560,705186,0,84.800322185,21.980016620,1605.7
272.413584357,260.306313942,66.589987287,151.340880199,199.769961862,96.858163327,254.252678734,242.145408318,0,0,LAWRENCE,2015,0,0,16519,0,102.911798535,6.053635208,702.2
126.673384195,328.199222686,2.878940550,210.162660141,0,51.820929898,811.861235065,270.620411688,17.273643299,0,LEE,2015,5.757881100,8.636821650,34735,5.757881100,83.489275946,60.457751547,1315.7
208.426773606,269.107986175,18.468195130,184.681951297,0,18.468195130,841.622035195,211.065087196,18.468195130,2.638313590,LIVINGSTON,2015,0,2.638313590,37903,0,124.000738728,50.127958209,1269
305.923485511,299.199892423,23.532575809,158.004437571,0,63.874134337,1106.031063000,279.029113158,33.617965441,0,LOGAN,2015,0,10.085389632,29746,0,161.366234116,13.447186176,1667.5
385.786802030,578.680203046,0.922934933,200.276880480,62.759575450,60.913705584,1838.486386710,665.436086756,115.366866636,5.537609599,MACON,2015,0,28.610982926,108350,0,237.194277803,32.302722658,2983.8
307.838029837,279.852754397,15.068994468,111.941101759,55.970550879,32.290702430,912.750522033,243.256624976,8.610853981,4.305426991,MACOUPIN,2015,0,6.458140486,46453,0,139.926377198,21.527134954,1369.1
225.465186074,205.582232893,27.761104442,183.073229292,22.884153661,70.153061224,1362.169867947,310.999399760,25.510204082,0.750300120,MADISON,2015,0,13.505402161,266560,0,117.046818727,37.890156062,1938
191.853983563,176.298255166,31.111456794,215.187576158,178.890876565,103.704855980,1560.758082497,513.339037100,25.926213995,10.370485598,MARION,2015,0,15.555728397,38571,0,212.594954759,85.556506183,2527.8
266.355918096,233.061428334,16.647244881,58.265357083,0,16.647244881,349.592142500,166.472448810,0,8.323622440,MARSHALL,2015,0,0,12014,0,83.236224405,41.618112202,665.9
79.148078860,143.905597928,14.390559793,122.319758239,57.562239171,35.976399482,870.628867463,295.006475752,14.390559793,0,MASON,2015,0,14.390559793,13898,0,158.296157721,64.757519067,1453.4
275.075478028,254.948004025,46.964106005,214.693056021,114.055686011,100.637370010,1845.018450185,503.186850050,20.127474002,0,MASSAC,2015,0,6.709158001,14905,0,248.238846025,40.254948004,2764.2
765.370138018,1207.653701380,9.410288582,219.573400251,72.145545797,21.957340025,1022.584692597,238.393977415,9.410288582,0,MCDONOUGH,2015,0,21.957340025,31880,0,207.026348808,65.872020075,1587.2
262.298923143,218.690913588,4.556060700,114.226950401,2.278030350,17.247944078,854.912247017,119.108444008,5.857792328,0.650865814,MCHENRY,2015,0,6.834091050,307283,0,67.690044682,22.780303499,1095.1
312.534111605,476.269813456,6.319623580,170.629836666,5.170601111,65.494280741,1308.736592344,312.534111605,33.896162839,0,MCLEAN,2015,0,5.745112346,174061,0,168.331791728,59.174657160,1953.9
55.688146380,47.732696897,0,7.955449483,0,0,350.039777247,151.153540175,0,0,MENARD,2015,0,0,12570,0,87.509944312,0,588.7
12.543116965,0,0,0,0,6.271558482,376.293508937,131.702728128,0,0,MERCER,2015,0,0,15945,0,0,0,514.3
169.029120455,166.063697290,17.792538995,65.239309649,14.827115829,17.792538995,373.643318902,154.202004626,2.965423166,2.965423166,MONROE,2015,0,0,33722,0,5.930846332,5.930846332,563.4
429.169930856,228.209407677,3.406110562,224.803297115,20.436663374,30.654995061,1147.859259512,309.956061174,6.812221125,0,MONTGOMERY,2015,0,10.218331687,29359,0,122.619980245,6.812221125,1634.9
349.279967935,366.457671276,2.862950557,148.873428956,160.325231183,20.040653898,1517.363795127,320.650462367,11.451802227,2.862950557,MORGAN,2015,0,14.314752784,34929,0,157.462280626,20.040653898,2064.2
26.959627957,26.959627957,0,0,0,0,94.358697850,13.479813979,0,0,MOULTRIE,2015,0,0,14837,0,13.479813979,0,121.3
245.752135932,245.752135932,17.279447058,42.238648363,0,21.119324182,378.227896707,101.756743784,3.839877124,0,OGLE,2015,0,3.839877124,52085,0,28.799078429,5.759815686,543.3
171.365424757,328.316935282,14.947762907,150.545326422,3.203092052,98.228156247,2209.065818203,705.747948686,177.771608860,8.541578804,PEORIA,2015,0,27.226282438,187319,0,264.255094251,47.512532098,3538.3
369.139904024,355.297157623,27.685492802,244.555186416,69.213732004,41.528239203,618.309339240,115.356220007,4.614248800,4.614248800,PERRY,2015,0,0,21672,0,119.970468808,4.614248800,909
292.130728501,225.184103220,0,60.860568438,6.086056844,6.086056844,566.003286471,261.700444282,0,0,PIATT,2015,0,6.086056844,16431,0,127.807193719,24.344227375,992
330.795156660,343.277992760,0,74.897016602,6.241418050,12.482836100,574.210460617,118.586942953,18.724254151,0,PIKE,2015,0,0,16022,0,43.689926351,6.241418050,773.9
34.393809114,17.196904557,0,0,0,0,34.393809114,34.393809114,0,0,PULASKI,2015,0,0,5815,0,34.393809114,0,103.2
51.599587203,68.799449604,17.199862401,0,0,0,257.997936017,120.399036808,0,0,PUTNAM,2015,0,0,5814,0,0,0,378.4
398.551826949,295.110894764,94.313791110,340.746600140,51.720466093,21.296662509,565.882746661,136.907116128,9.127141075,0,RANDOLPH,2015,0,6.084760717,32869,12.169521434,60.847607168,33.466183942,845.8
354.896955358,336.218168234,31.131311873,80.941410871,273.955544487,112.072722745,1575.244380798,323.765643484,6.226262375,0,RICHLAND,2015,0,24.905049499,16061,0,149.430296993,74.715148496,2266.4
288.231790392,461.444719060,17.115902042,156.781662707,11.638813389,62.986519516,1832.086154605,395.035019136,41.762800983,2.053908245,ROCK ISLAND,2015,0,12.323449470,146063,0,260.161711042,40.393528820,2646.8
89.387290752,109.702584105,28.441410694,162.522346823,227.531285552,121.891760117,1239.232894523,735.413619373,16.252234682,8.126117341,SALINE,2015,0,28.441410694,24612,0,227.531285552,12.189176012,2389.1
187.440011658,311.059965728,8.040322216,201.008055398,30.151208310,126.132554762,2358.327009955,697.497952230,138.695558224,5.527721523,SANGAMON,2015,0,32.663809002,198997,0.502520138,535.183947497,73.870460359,3968.4
272.851296044,313.778990450,0,54.570259209,54.570259209,0,286.493860846,40.927694407,0,0,SCHUYLER,2015,0,13.642564802,7330,0,40.927694407,0,382
38.431975404,38.431975404,0,0,0,19.215987702,115.295926211,96.079938509,0,0,SCOTT,2015,0,0,5204,0,19.215987702,0,249.8
371.915820029,108.853410740,27.213352685,149.673439768,31.748911466,27.213352685,285.740203193,68.033381713,0,0,SHELBY,2015,0,0,22048,0,49.891146589,4.535558781,435.4
229.933503682,346.970033380,36.127031675,169.721784224,10.913374152,161.066349552,1634.748183300,552.066202786,118.541822684,12.042343892,ST. CLAIR,2015,0,23.332041290,265729,0,438.040259061,57.577456732,2997.4
103.216927576,137.622570101,0,86.014106313,17.202821263,68.811285051,619.301565457,120.419748839,0,0,STARK,2015,0,34.405642525,5813,0,68.811285051,17.202821263,929
193.819317325,223.968988909,0,83.988370841,34.456767524,30.149671584,1358.888769247,340.260579304,30.149671584,2.153547970,STEPHENSON,2015,0,19.381931733,46435,0,86.141918811,40.917411435,1908
374.335885400,325.701695565,5.895053313,112.006012954,30.949029895,46.423544843,1204.801520924,323.491050572,9.579461634,0.736881664,TAZEWELL,2015,0,5.895053313,135707,0,184.957297708,48.634189835,1824.5
114.632888176,74.511377314,11.463288818,74.511377314,45.853155270,45.853155270,951.452971858,246.460709578,0,0,UNION,2015,0,5.731644409,17447,0,131.827821402,28.658222044,1410
94.069837447,150.511739916,0,222.004816376,79.018663456,127.934978928,2250.150511740,1230.433473811,120.409391933,0,VERMILION,2015,0,18.813967489,79728,0,529.299618704,120.409391933,4397.5
658.065633388,285.739025024,60.611308338,103.905100009,77.928825006,17.317516668,891.852108408,303.056541692,0,0,WABASH,2015,0,43.293791670,11549,0,207.810200017,0,1463.3
207.004587669,257.357054940,5.594718586,55.947185857,0,16.784155757,945.507440976,279.735929283,22.378874343,0,WARREN,2015,0,5.594718586,17874,0,173.436276155,50.352467271,1493.8
153.449117668,139.499197880,13.949919788,111.599358304,41.849759364,48.824719258,823.045267490,216.223756713,0,0,WASHINGTON,2015,0,6.974959894,14337,0,551.021831624,0,1646.1
139.031614580,175.300731427,6.044852808,102.762497733,163.211025812,18.134558424,586.350722360,199.480142659,0,0,WAYNE,2015,0,0,16543,0,163.211025812,30.224264039,997.4
55.656045638,97.398079866,6.957005705,55.656045638,34.785028524,62.613051343,695.700570474,264.366216780,0,0,WHITE,2015,0,20.871017114,14374,0,215.667176847,6.957005705,1266.2
101.976228989,233.842042338,12.307475913,130.107602504,0,31.647795204,1186.792320135,314.719741191,17.582108446,0,WHITESIDE,2015,0,3.516421689,56876,0,109.009072368,52.746325339,1716
173.178741762,254.734695128,20.571358541,99.938869509,1.167169279,52.230825232,999.096902770,273.847092071,33.264324450,2.626130878,WILL,2015,0,12.109381269,685419,0,91.185099917,23.926970218,1488.3
32.831900669,85.064469914,4.477077364,89.541547278,23.877745941,67.156160458,702.901146132,305.933619866,11.938872970,4.477077364,WILLIAMSON,2015,0,4.477077364,67008,0,41.786055396,19.400668577,1158.1
127.884328798,247.797547671,26.685889749,131.003458769,0.693139993,214.180257987,1952.921931643,678.584053621,195.118908166,7.624539928,WINNEBAGO,2015,0,23.566759778,288542,0,661.948693778,68.274289358,3802.2
280.705335953,336.846403144,2.551866690,150.560134739,0,15.311200143,474.647204430,89.315334167,0,0,WOODFORD,2015,0,0,39187,0,61.244800572,12.759333452,653.3
281.599249069,203.866123024,7.333313778,111.466369423,184.799507201,68.933149512,1611.862368367,513.331964448,33.733243378,1.466662756,ADAMS,2016,0,13.199964800,68182,0,228.799389868,80.666451556,2552
128.205128205,291.375291375,0,151.515151515,46.620046620,69.930069930,1048.951048951,419.580419580,46.620046620,0,ALEXANDER,2016,0,34.965034965,8580,0,862.470862471,0,2482.5
218.990398113,140.378460329,44.921107305,179.684429221,145.993598742,33.690830479,786.119377843,196.529844461,0,0,BOND,2016,0,0,17809,0,33.690830479,0,1050
523.919520605,505.507013491,26.781828529,185.798935422,1.673864283,30.129557096,607.612734759,112.148906967,8.369321415,0,BOONE,2016,0,15.064778548,59742,0,95.410264136,51.889792776,920.6
96.645036587,110.451470385,0,13.806433798,0,0,179.483639376,13.806433798,0,0,BROWN,2016,0,0,7243,0,138.064337981,0,331.4
95.397090389,74.197736969,5.299838355,26.499191775,0,29.149110952,609.481410817,262.341998569,2.649919177,0,BUREAU,2016,0,7.949757532,37737,0,95.397090389,13.249595887,1020.2
173.659349819,194.498471798,6.946373993,27.785495971,55.570991942,55.570991942,1104.473464851,277.854959711,0,0,CARROLL,2016,0,0,14396,0,62.517365935,13.892747986,1514.3
250.626566416,272.740675217,14.742739201,81.085065605,132.684652808,7.371369600,1113.076809671,302.226153619,7.371369600,0,CASS,2016,0,0,13566,0,464.396284830,14.742739201,1909.2
120.392489031,236.502241299,13.799929573,107.544278740,10.944771730,104.689120897,2027.162068276,687.141320796,100.406384133,5.234456045,CHAMPAIGN,2016,0,12.372350651,210146,1.903438562,324.060415140,60.910033976,3322
214.519589026,110.082420684,25.403635543,79.033532799,67.743028113,19.758383200,584.283617478,149.599187084,2.822626171,0,CHRISTIAN,2016,0,0,35428,0,56.452523428,28.226261714,841.1
206.976319474,140.013392585,0,66.962926889,121.750776161,30.437694040,383.514944908,97.400620929,12.175077616,6.087538808,CLARK,2016,0,18.262616424,16427,0,66.962926889,0,614.8
130.301648316,117.271483484,0,52.120659326,45.605576911,26.060329663,605.902664669,267.118379047,6.515082416,0,CLAY,2016,0,0,15349,0,58.635741742,0,964.2
146.356493607,123.247573563,23.108920043,66.759102347,28.244235608,33.379551173,790.838597032,71.894417912,7.702973348,0,CLINTON,2016,0,2.567657783,38946,0,97.570995738,7.702973348,1011.7
134.975223726,97.995710376,11.093854005,112.787515716,109.089564381,24.036683677,918.940906738,255.158642112,38.828489017,1.848975667,COLES,2016,0,14.791805340,54084,0,251.460690777,29.583610680,1534.6
74.398380160,259.456214084,2.661187556,231.561607832,1.780506782,274.427787240,1841.560933920,414.456030289,265.869867546,16.043706272,COOK,2016,0.019145234,25.654613848,5223232,0.229742811,343.331485180,42.483274723,3223.8
249.454318678,197.484668953,10.393929945,119.530194366,259.848248623,41.575719780,711.984201226,207.878598898,0,0,CRAWFORD,2016,0,15.590894917,19242,0,249.454318678,15.590894917,1242.1
133.000831255,91.438071488,0,24.937655860,33.250207814,16.625103907,315.876974231,207.813798836,0,0,CUMBERLAND,2016,0,0,12030,0,49.875311721,24.937655860,615.1
346.973303128,551.525057590,14.337739799,241.829877938,7.646794559,44.924918036,1782.658981638,270.505357535,40.145671436,4.779246600,DEKALB,2016,0,18.161137078,104619,0,169.185329625,78.379644233,2408.7
124.215887212,55.897149245,0,62.107943606,0,0,93.161915409,62.107943606,6.210794361,0,DEWITT,2016,0,6.210794361,16101,0,18.632383082,31.053971803,217.4
248.743591045,71.069597441,5.076399817,60.916797807,5.076399817,30.458398903,517.792781359,152.291994517,5.076399817,0,DOUGLAS,2016,0,0,19699,0,192.903193055,10.152799634,908.7
179.016556618,293.784510831,8.044482772,75.725397826,0.750818392,46.979779388,1104.775634013,139.652220921,26.600423033,0.429039081,DUPAGE,2016,0,4.719429893,932316,0,43.332947198,14.480068989,1381
451.343020696,121.092029943,44.033465434,313.738441215,654.997798327,60.546014971,445.838837517,434.830471158,5.504183179,0,EDGAR,2016,0,11.008366358,18168,0,220.167327169,5.504183179,1183.4
102.324221605,73.088729718,0,43.853237831,43.853237831,0,131.559713492,146.177459436,14.617745944,0,EDWARDS,2016,0,0,6841,0,14.617745944,0,307
389.083117176,307.319273712,25.374985903,118.416600880,194.541558588,39.472200293,1285.665952408,298.860945077,8.458328634,0,EFFINGHAM,2016,0,5.638885756,35468,0,107.138829367,31.013871659,1776.2
251.006188601,203.401566625,34.621543255,112.520015580,181.763102090,43.276929069,614.532392781,242.350802787,0,0,FAYETTE,2016,0,4.327692907,23107,0,82.226165231,34.621543255,1021.3
271.096899764,215.487279299,0,97.316835813,27.804810232,76.463228138,854.997914639,305.852912554,20.853607674,0,FORD,2016,0,69.512025580,14386,0,187.682469067,62.560823022,1577.9
324.399860259,72.366122673,24.953835405,234.566052802,159.704546589,54.898437890,965.713430154,446.673653741,12.476917702,2.495383540,FRANKLIN,2016,0,7.486150621,40074,0,82.347656835,4.990767081,1577.1
222.150113571,194.693357961,7.488206075,92.354541597,17.472480843,24.960686918,619.025035569,252.102937873,17.472480843,2.496068692,FULTON,2016,0,12.480343459,40063,0,47.425305144,9.984274767,985.9
60.966316110,45.724737083,45.724737083,45.724737083,15.241579028,30.483158055,442.005791800,121.932632221,15.241579028,0,GALLATIN,2016,0,0,6561,0,106.691053193,0,716.4
445.269016698,170.686456401,111.317254174,564.007421150,178.107606679,0,601.113172542,311.688311688,0,0,GREENE,2016,0,14.842300557,13475,0,185.528756957,44.526901670,1157.7
347.945817208,346.085144388,53.959511759,193.509973206,3.721345639,24.188746651,816.835367669,143.271807085,7.442691277,0,GRUNDY,2016,0,5.582018458,53744,0,44.656147663,16.746055374,1058.7
23.196474136,0,0,23.196474136,11.598237068,34.794711204,220.366504291,81.187659476,0,0,HAMILTON,2016,0,11.598237068,8622,0,46.392948272,0,394.3
163.943095880,174.520069808,15.865460892,100.481252314,158.654608916,26.442434819,470.675339785,312.020730869,10.576973928,0,HANCOCK,2016,0,5.288486964,18909,0,47.596382675,5.288486964,877.9
104.402296851,591.613015486,0,69.601531234,69.601531234,87.001914042,435.009570211,104.402296851,0,0,HARDIN,2016,0,0,5747,0,104.402296851,0,730.8
283.639435940,291.685944761,10.058136026,92.534851441,54.313934542,28.162780873,1068.174045986,211.220856551,8.046508821,2.011627205,HENRY,2016,0,0,49711,0,78.453461005,30.174408079,1426.2
163.147201872,132.364710952,24.625992735,120.051714585,30.782490919,61.564981838,917.318229391,326.294403743,18.469494551,3.078249092,IROQUOIS,2016,0,9.234747276,32486,0,70.799729114,24.625992735,1431.4
291.022689905,445.577112792,16.441959882,205.524498520,62.479447550,67.412035515,2148.964156527,563.959223939,75.633015455,6.576783953,JACKSON,2016,0,11.509371917,60820,0,231.831634331,78.921407432,3184.8
20.964360587,20.964360587,0,31.446540881,0,10.482180294,461.215932914,220.125786164,0,0,JASPER,2016,0,0,9540,0,0,0,691.8
345.687997089,280.709050268,15.594947237,319.696418360,241.721682175,51.983157457,1832.406300359,691.375994178,62.379788948,2.599157873,JEFFERSON,2016,0,44.185683838,38474,0,504.236627333,59.780631076,3248.9
645.386359672,300.889586604,248.560962847,532.007674865,126.460840747,52.328623757,1203.558346415,392.464678179,0,0,JERSEY,2016,0,0,22932,0,78.492935636,78.492935636,1805.3
375.620444484,397.978804275,13.415015874,71.546751330,62.603407414,71.546751330,594.732370433,169.923534410,8.943343916,0,JO DAVIESS,2016,0,8.943343916,22363,0,111.791798954,26.830031749,992.7
54.983897573,78.548425104,7.854842510,54.983897573,31.419370042,39.274212552,416.306653052,133.532322677,0,0,JOHNSON,2016,0,0,12731,0,267.064645354,0,856.2
107.729446801,188.761543784,1.128057035,75.015792798,0.188009506,54.898775682,1007.542941371,191.393676864,35.909815600,2.068104563,KANE,2016,0,9.212465782,531888,0,125.026321331,25.757302289,1451.8
106.676148991,158.236287670,24.002133523,135.123122055,0,82.674015468,1545.915192462,459.596408570,90.674726642,9.778646991,KANKAKEE,2016,0,24.891101431,112490,0,139.567961597,24.891101431,2378
131.272226775,166.278153915,3.182357013,29.436802368,0,36.597105646,754.218612015,140.819297813,12.729428051,0.795589253,KENDALL,2016,0,8.751481785,125693,0,44.552998178,27.050034608,1025.5
169.766332856,135.431568908,3.814973772,135.431568908,123.986647592,43.872198379,1669.051025274,484.501669051,49.594659037,1.907486886,KNOX,2016,0,1.907486886,52425,3.814973772,223.175965665,34.334763948,2508.3
198.458712295,241.467470059,9.557501725,91.639575366,0.983860472,49.333575082,1054.276771195,209.421728980,45.960339179,0.843308976,LAKE,2016,0,5.340956846,711483,0,88.687993951,22.628790850,1476.5
138.370833835,201.969850628,4.297230864,130.635818279,4.297230864,36.956185434,1149.079533149,302.525052856,15.470031112,0,LASALLE,2016,0,16.329477285,116354,0,63.599016794,39.534523953,1623.5
128.637059724,110.260336907,55.130168453,61.255742726,128.637059724,36.753445636,294.027565084,245.022970904,0,0,LAWRENCE,2016,0,18.376722818,16325,0,98.009188361,0,692.2
206.312033010,301.104048177,16.728002676,142.188022750,25.092004015,39.032006245,917.252146760,256.496041039,11.152001784,2.788000446,LEE,2016,0,5.576000892,35868,0,128.248020520,39.032006245,1399.6
164.897693755,232.250272894,48.772557308,222.960261978,2.322502729,23.225027289,891.841047913,250.830294726,20.902524560,0,LIVINGSTON,2016,0,9.290010916,43057,0,97.545114616,27.870032747,1321.5
177.078209543,203.312018364,26.233808821,134.448270208,0,72.142974258,905.066404329,298.409575340,9.837678308,0,LOGAN,2016,0,6.558452205,30495,0,108.214461387,29.513034924,1429.7
492.080130445,698.812019567,14.558583741,195.085022129,90.263219194,14.558583741,946.307943163,232.937339856,8.735150245,0,MCDONOUGH,2016,0,5.823433496,34344,0,157.232704403,90.263219194,1455.9
240.051071924,205.525408934,8.794272649,117.256968647,4.559993225,19.868541910,836.433043014,100.319850953,8.142845045,0.325713802,MCHENRY,2016,0,3.257138018,307018,0,64.165618954,23.451393729,1056
234.197375394,365.256733887,2.279293191,200.577800824,5.128409680,52.993566695,1268.996484190,262.118716986,51.853920099,1.709469893,MCLEAN,2016,0,6.837879574,175493,0,186.332218379,54.703036588,1885.5
332.886444682,405.847857215,3.648070627,286.373544192,77.521500816,91.201765666,1758.370042044,844.528350069,93.937818636,2.736052970,MACON,2016,0,18.240353133,109647,2.736052970,251.716873239,47.424918146,3108.2
186.203977994,160.812526449,2.115954295,126.957257723,86.754126111,48.666948794,952.179432924,262.378332628,6.347862886,2.115954295,MACOUPIN,2016,0,0,47260,0,143.884892086,16.927634363,1432.5
243.291565138,192.370074760,42.245977202,279.502402740,72.044478979,100.711392080,1404.301545750,386.248934421,48.658313028,0.754392450,MADISON,2016,0,10.561494301,265114,0,173.133067284,44.509154552,2168.9
197.488723638,156.040472998,73.143971718,248.689503840,226.746312325,99.963428014,1723.759600146,563.208582226,41.448250640,0,MARION,2016,0,26.819456296,41015,0,265.756430574,68.267706936,2789.2
295.930949445,246.609124538,16.440608303,115.084258118,8.220304151,32.881216605,558.980682285,353.473078504,16.440608303,0,MARSHALL,2016,0,0,12165,0,82.203041513,32.881216605,1076.9
109.147963708,61.395729586,20.465243195,136.434954635,129.613206904,40.930486391,607.135548127,204.652431953,6.821747732,0,MASON,2016,0,20.465243195,14659,0,191.008936490,81.860972781,1152.9
348.548830351,261.411622763,60.325759099,261.411622763,154.165828809,80.434345466,1481.332528990,475.903210671,33.514310611,6.702862122,MASSAC,2016,0,13.405724244,14919,6.702862122,234.600174274,46.920034855,2372.8
0,36.878595663,0,0,7.375719133,14.751438265,685.941879333,132.762944387,7.375719133,0,MENARD,2016,0,0,13558,0,59.005753061,14.751438265,914.6
219.458668617,160.936356986,0,141.428919776,136.552060473,19.507437210,316.995854670,170.690075591,4.876859303,0,MERCER,2016,0,4.876859303,20505,0,58.522311631,9.753718605,585.2
186.170986415,183.262064753,46.542746604,101.812258196,40.724903278,17.453529976,351.979521191,104.721179859,0,0,MONROE,2016,0,0,34377,0,20.362451639,2.908921663,497.4
360.541787118,220.872446162,12.992496833,181.894955663,61.714359957,32.481242083,1013.414752980,289.083054536,6.496248417,3.248124208,MONTGOMERY,2016,0,9.744372625,30787,0,68.210608374,12.992496833,1435.7
261.089275688,283.548568220,0,179.674340258,174.059517125,30.881527232,1572.150477260,395.845030882,16.844469399,0,MORGAN,2016,0,8.422234700,35620,0,179.674340258,30.881527232,2234.7
47.065151617,40.341558529,6.723593088,13.447186176,20.170779264,40.341558529,450.480736906,73.959523970,0,0,MOULTRIE,2016,0,0,14873,0,161.366234116,20.170779264,746.3
150.512858629,124.498290471,7.432733759,27.872751598,0,29.730935038,652.222387394,102.200089193,9.290917199,0,OGLE,2016,0,0,53816,0,29.730935038,7.432733759,830.6
135.906214338,243.282498184,18.674136321,204.378047515,1.037452018,152.505446623,2123.664280527,689.905591866,170.142130926,5.705986098,PEORIA,2016,0,39.423176678,192780,0,323.685029567,51.353874883,3556.4
354.069558982,313.732520617,80.674076730,242.022230190,44.818931517,26.891358910,439.225528863,156.866260308,13.445679455,0,PERRY,2016,0,0,22312,0,125.493008247,4.481893152,766.4
111.779421941,111.779421941,0,74.519614627,0,26.614148081,558.897109704,239.527332730,0,0,PIATT,2016,0,10.645659232,18787,0,143.716399638,5.322829616,984.7
241.420934644,229.924699661,11.496234983,132.206702305,281.657757085,28.740587458,712.766568949,281.657757085,0,0,PIKE,2016,0,0,17397,0,45.984939932,40.236822441,1109.4
13.224014811,39.672044433,0,0,0,13.224014811,92.568103676,79.344088865,0,0,PUTNAM,2016,0,0,7562,0,13.224014811,0,198.4
262.822770748,167.989812231,40.642696507,181.537377733,51.480748909,8.128539301,205.922995638,75.866366814,0,8.128539301,RANDOLPH,2016,5.419026201,0,36907,0,48.771235809,5.419026201,352.2
263.918562272,270.202337564,12.567550584,100.540404675,245.067236396,119.391730552,1690.335553601,389.594068116,0,6.283775292,RICHLAND,2016,0,31.418876461,15914,0,314.188764610,69.121528214,2620.3
207.129475712,327.185413863,29.684160532,156.336578802,32.982400591,83.775297501,2034.354468456,441.304519908,46.835008839,2.638592047,ROCK ISLAND,2016,0,9.235072165,151596,0,262.539908705,37.599936674,2918.3
224.833382404,292.512818944,26.001139462,188.125891399,19.883224294,162.507121636,1607.864579948,639.322134999,104.386927545,14.912418221,ST. CLAIR,2016,0,13.382939429,261527,0,425.195104138,55.443606205,3023
122.321745650,134.159333938,47.350353155,236.751765774,189.401412619,114.430020124,1124.570887425,611.608728248,11.837588289,3.945862763,SALINE,2016,0,7.891725526,25343,0,335.398334846,11.837588289,2221.5
524.271262945,735.477686016,3.994447718,222.191154296,34.452111565,148.793177483,2176.474700167,780.415222840,137.309140295,3.994447718,SANGAMON,2016,0,359.000988626,200278,0.998611929,555.727538721,71.900058918,4233.6
318.840579710,304.347826087,0,28.985507246,101.449275362,0,347.826086957,115.942028986,0,0,SCHUYLER,2016,0,0,6900,0,115.942028986,28.985507246,608.7
39.840637450,39.840637450,0,19.920318725,39.840637450,0,278.884462151,219.123505976,0,0,SCOTT,2016,0,0,5020,0,0,0,498
47.787822070,51.770140576,0,11.946955518,0,3.982318506,67.699414599,35.840866553,0,0,SHELBY,2016,0,0,25111,0,7.964637012,0,115.5
85.616438356,114.155251142,0,42.808219178,0,42.808219178,399.543378995,142.694063927,0,0,STARK,2016,0,0,7008,0,0,0,585
158.723614776,183.459762533,18.552110818,129.864775726,0,55.656332454,1185.273746702,439.066622691,24.736147757,0,STEPHENSON,2016,0,22.674802111,48512,0,61.840369393,30.920184697,1820.2
485.060147458,372.376943972,17.909913137,196.262798125,31.342347990,29.103608847,1193.247962747,335.810871317,20.148652279,1.492492761,TAZEWELL,2016,0,14.924927614,134004,0,207.456493836,43.282290081,1845.5
207.095754537,87.198212437,54.498882773,147.146983487,108.997765546,43.599106218,942.830671971,234.345195923,27.249441386,0,UNION,2016,0,0,18349,0,147.146983487,32.699329664,1427.9
128.327298139,121.974461597,0,242.678355886,127.056730830,121.974461597,2173.940664507,1160.027952481,124.515596214,8.893971158,VERMILION,2016,0,16.517375008,78705,0,583.190394511,80.045740423,4269.1
718.353044240,192.728865528,105.124835742,227.770477442,122.645641700,35.041611914,1427.945685502,280.332895313,17.520805957,0,WABASH,2016,0,8.760402979,11415,0,113.885238721,0,1883.5
193.575389767,156.953018730,5.231767291,52.317672910,10.463534582,62.781207492,1004.499319870,350.528408496,15.695301873,0,WARREN,2016,0,15.695301873,19114,0,162.184786021,52.317672910,1663.7
535.395597858,185.075021482,66.098221958,376.759865160,72.708044154,59.488399762,621.323286404,178.465199286,0,0,WASHINGTON,2016,0,0,15129,0,211.514310265,6.609822196,1077.4
264.143989189,190.429387555,0,215.000921433,215.000921433,36.857300817,700.288715523,393.144542048,18.428650409,0,WAYNE,2016,0,6.142883470,16279,0,184.286504085,24.571533878,1363.7
87.084673098,80.385852090,6.698821008,46.891747053,33.494105038,60.289389068,803.858520900,381.832797428,0,0,WHITE,2016,0,6.698821008,14928,0,200.964630225,0,1453.6
53.075739080,145.073686818,0,106.151478159,0,42.460591264,1155.281920634,327.300390991,15.922721724,0,WHITESIDE,2016,0,5.307573908,56523,0,145.073686818,38.922208658,1730.3
138.430815954,183.942317090,3.500884703,102.838488143,2.479793331,58.639818771,926.275744266,201.009130016,36.321678791,2.917403919,WILL,2016,0,13.274187831,685541,0,95.399108150,23.047490960,1356.9
73.201289469,67.570421048,1.407717105,33.785210524,23.931190788,68.978138153,907.977532835,380.083618396,9.854019736,1.407717105,WILLIAMSON,2016,0,7.038585526,71037,0,80.239874995,19.708039472,1475.3
111.226091670,289.328630863,24.638691193,157.335642331,0.351981303,200.277361267,2000.309743546,702.554680295,210.484819046,10.911420385,WINNEBAGO,2016,0,31.326335945,284106,0.351981303,706.426474626,71.452204459,3933.7
123.012649414,143.901589880,4.641986770,127.654636184,4.641986770,25.530927237,443.309736567,102.123708947,0,2.320993385,WOODFORD,2016,0,6.962980156,43085,0,34.814900778,13.925960311,629
133.712184523,53.180982481,3.038913285,110.920334888,350.994484372,88.128485254,1701.791439381,425.447859845,21.272392992,1.519456642,ADAMS,2018,0,4.558369927,65813,0,305.410785103,100.284138392,2648.4
0,33.019646690,0,181.608056794,297.176820208,66.039293380,396.235760277,165.098233449,16.509823345,0,ALEXANDER,2018,0,0,6057,0,99.058940069,0,742.9
131.280582408,53.705692803,17.901897601,119.345984008,352.070652823,53.705692803,841.389187254,179.018976011,11.934598401,5.967299200,BOND,2018,0,5.967299200,16758,0,77.574889605,0,1175.6
58.276153774,105.273051979,15.039007426,295.140520726,5.639627785,41.357270420,597.800545164,169.188833537,5.639627785,1.879875928,BOONE,2018,0,3.759751856,53195,0,120.312059404,65.795657487,1005.7
225.259047905,150.172698603,15.017269860,120.138158883,135.155428743,0,75.086349302,75.086349302,0,0,BROWN,2018,0,0,6659,0,60.069079441,0,210.2
27.392257122,51.740930119,3.043584125,42.610177745,6.087168249,39.566593621,885.682980278,243.486729973,9.130752374,0,BUREAU,2018,0,0,32856,0,97.394691989,51.740930119,1327
76.735263341,27.903732124,48.831531217,62.783397279,230.205790024,27.903732124,753.400767353,348.796651552,0,0,CARROLL,2018,0,6.975933031,14335,0,132.542727590,90.687129404,1360.3
609.855261018,471.621401854,48.788420881,105.708245243,390.307367052,48.788420881,1032.688241991,284.599121808,16.262806960,0,CASS,2018,0,0,12298,0,479.752805334,16.262806960,1878.4
39.594514013,90.161001789,9.063804413,145.497912940,2.385211688,75.372689326,1691.115086464,354.442456768,75.372689326,4.770423375,CHAMPAIGN,2018,0,10.494931425,209625,0,296.243291592,78.234943351,2586
155.887027754,119.207727106,3.056608387,82.528426458,162.000244529,48.905734197,586.868810368,204.792761951,9.169825162,0,CHRISTIAN,2018,0,0,32716,0,73.358601296,9.169825162,932.3
185.6,64,0,121.6,134.4,38.4,339.2,192,0,0,CLARK,2018,0,0,15625,0,102.4,19.2,691.2
236.046600168,190.360161425,7.614406457,53.300845199,327.419477652,60.915251656,906.114368385,167.516942054,0,7.614406457,CLAY,2018,0,7.614406457,13133,0,68.529658113,0,1218.3
136.301681054,90.867787369,45.433893685,98.885533314,88.195205388,53.451639629,628.056765641,109.575861240,2.672581981,0,CLINTON,2018,2.672581981,18.708073870,37417,2.672581981,69.487131518,21.380655852,903.3
75.744333741,38.843248072,7.768649614,116.529744217,427.275728796,21.363786440,555.458447435,339.878420634,9.710812018,0,COLES,2018,0,13.595136825,51489,0,223.348676416,67.975684127,1231.3
42.465103088,148.454455214,1.753323222,265.445428874,2.138668985,254.617212933,1903.241990974,343.054065552,217.373544934,12.292529841,COOK,2018,0.019267288,10.943819671,5190144,0.308276610,343.497213179,49.960078179,3135
122.594744417,122.594744417,21.320825116,106.604125580,186.557219764,15.990618837,458.397739993,175.896807206,5.330206279,0,CRAWFORD,2018,0,0,18761,0,154.575982091,5.330206279,815.5
73.807546822,83.033490174,0,27.677830058,64.581603469,46.129716764,405.941507519,175.292923701,9.225943353,0,CUMBERLAND,2018,0,0,10839,0,36.903773411,9.225943353,682.7
125.699262117,123.780189412,11.514436224,201.502633927,13.433508928,51.814963010,1286.738248079,190.947734055,33.583772321,0.959536352,DEKALB,2018,0,9.595363520,104217,0.959536352,179.433297830,67.167544642,1820.2
101.381320492,50.690660246,0,190.089975922,0,0,1134.203523001,639.969585604,6.336332531,0,DEWITT,2018,0,0,15782,0,0,50.690660246,1831.2
463.623395150,229.264316283,50.947625841,137.558589770,178.316690442,30.568575504,427.960057061,168.127165274,20.379050336,0,DOUGLAS,2018,0,5.094762584,19628,0,198.695740778,20.379050336,871.2
68.442876067,59.281231239,3.772441988,82.347019394,2.586817363,54.754300853,978.032531384,124.706153715,18.538857769,1.401192738,DUPAGE,2018,0,3.556873874,927781,0.107784057,48.287257445,25.868173631,1255.1
351.061962436,0,105.318588731,157.977883096,561.699139898,93.616523316,462.231583875,696.272892165,5.851032707,0,EDGAR,2018,0,5.851032707,17091,0,327.657831607,87.765490609,1679.2
249.066002491,140.099626401,15.566625156,62.266500623,186.799501868,15.566625156,311.332503113,77.833125778,0,0,EDWARDS,2018,0,0,6424,0,31.133250311,0,435.9
344.411409732,335.580347944,100.085366931,223.720231963,641.723823261,85.366930617,1139.206970651,206.058108387,20.605810839,0,EFFINGHAM,2018,0,5.887374525,33971,0,111.860115981,41.211621677,1610.2
258.768079109,46.208585555,97.038029666,184.834342221,300.355806109,78.554595444,882.583984104,231.042927776,9.241717111,0,FAYETTE,2018,0,0,21641,0,106.279746777,36.966868444,1344.7
244.051250763,305.064063453,15.253203173,106.772422209,0,15.253203173,434.716290421,274.557657108,0,7.626601586,FORD,2018,0,15.253203173,13112,0,205.918242831,53.386211104,1006.7
284.002891666,43.891355985,28.400289167,170.401734999,201.383868636,121.346690075,1141.175255603,477.641226892,7.745533409,0,FRANKLIN,2018,0,5.163688939,38732,0,87.782711969,0,1840.9
394.983422229,83.609629523,25.947816059,135.505261640,126.855989621,69.194176157,521.839411850,271.010523281,2.883090673,0,FULTON,2018,0,5.766181346,34685,0,103.791264235,43.246360098,1017.7
60.108194751,0,40.072129834,0,60.108194751,20.036064917,861.550791425,420.757363254,0,0,GALLATIN,2018,0,0,4991,0,180.324584252,0,1482.7
176.678445230,99.861729912,76.816715317,553.080350284,192.041788293,38.408357659,506.990321094,230.450145952,7.681671532,0,GREENE,2018,0,7.681671532,13018,0,322.630204332,61.453372254,1175.3
11.913507932,53.610785696,25.812600520,131.048587257,1.985584655,41.697277763,633.401505073,91.336894148,11.913507932,0,GRUNDY,2018,0,0,50363,1.985584655,47.654031730,17.870261899,843.9
11.239743734,22.479487468,0,39.339103068,207.935259076,16.859615601,584.466674160,213.555130943,0,0,HANCOCK,2018,0,0,17794,0,44.958974935,11.239743734,871.1
200.451014783,125.281884240,25.056376848,300.676522175,400.902029567,50.112753696,350.789275871,75.169130544,0,0,HARDIN,2018,0,0,3991,0,200.451014783,25.056376848,701.6
0,0,0,0,0,0,0,29.890898221,0,0,HENDERSON,2018,0,0,6691,0,14.945449111,0,44.8
149.119581648,163.418719614,10.213669976,71.495689831,106.222167749,67.410221841,1131.674633329,159.333251624,0,0,HENRY,2018,0,12.256403971,48954,0,89.880295788,14.299137966,1474.9
90.895869692,65.445026178,79.988365329,141.797556719,90.895869692,54.537521815,890.779522978,334.496800465,10.907504363,0,IROQUOIS,2018,0,3.635834788,27504,0,54.537521815,18.179173938,1367.1
237.274632398,93.524307660,31.174769220,197.440205061,183.584752074,114.307487140,1789.085366910,519.579487002,51.957948700,0,JACKSON,2018,0,17.319316233,57739,0,219.955316164,79.668854674,2791.9
73.560319462,10.508617066,10.508617066,10.508617066,157.629255990,52.543085330,136.612021858,168.137873056,0,0,JASPER,2018,0,0,9516,0,42.034468264,21.017234132,420.3
255.734247298,39.546533087,44.819404166,247.824940680,445.557606117,97.548114949,1924.597943580,664.381755866,60.638017400,2.636435539,JEFFERSON,2018,0,23.727919852,37930,0,619.562351701,81.729501714,3474.8
405.511266762,202.755633381,87.553568960,502.281000876,225.796046265,92.161651537,612.874982720,322.565780379,0,0,JERSEY,2018,0,0,21701,0,101.377816690,50.688908345,1179.7
449.564484406,318.441509787,23.414816896,145.171864756,163.903718273,42.146670413,800.786737848,187.318535169,14.048890138,0,JO DAVIESS,2018,0,9.365926758,21354,0,65.561487309,28.097780275,1147.3
54.326736515,23.282887078,0,31.043849437,23.282887078,62.087698875,450.135816841,240.589833139,0,0,JOHNSON,2018,0,7.760962359,12885,0,294.916569655,15.521924719,1071
55.138744033,75.325131679,1.682198970,105.978535141,1.682198970,48.596859148,817.174877667,127.286388767,31.961780439,1.121465980,KANE,2018,0.186910997,3.551308938,535014,0,115.137173980,33.270157416,1178.1
71.827834207,69.065225199,9.208696693,184.173933863,8.287827024,102.216533294,1436.556684132,313.095687567,53.410440820,5.525218016,KANKAKEE,2018,0,17.496523717,108593,0.920869669,202.591327249,58.935658836,2189.8
25.139840362,29.853560430,0.785620011,18.854880272,0,20.426120294,787.191251336,92.703161335,12.569920181,0.785620011,KENDALL,2018,0,7.856200113,127288,0,46.351580667,30.639180441,998.5
171.649834338,185.621332482,23.951139675,151.690551275,227.535826913,103.788271925,1608.718214842,407.169374476,29.938924594,3.991856613,KNOX,2018,0,0,50102,11.975569838,267.454393038,63.869705800,2484.9
113.374475607,63.112743348,4.854826411,85.245040224,2.427413206,48.691053126,995.382203349,147.643838511,41.551602521,2.998569254,LAKE,2018,0,2.998569254,700334,0,67.967569760,25.702022178,1332.9
136.619537511,176.046652363,2.750728943,243.897966294,11.002915773,42.177843795,976.508774825,202.637032147,9.169096477,0.916909648,LASALLE,2018,0,21.088921898,109062,0,59.599127102,47.679301682,1359.8
12.507035207,6.253517604,0,0,6.253517604,6.253517604,75.042211244,25.014070415,0,0,LAWRENCE,2018,0,0,15991,0,31.267588018,0,137.6
164.522004818,334.919795523,5.875785886,249.720900170,38.192608261,29.378929432,807.920559375,223.279863682,0,0,LEE,2018,0,2.937892943,34038,0,120.453610670,73.447323580,1257.4
93.775955845,93.775955845,50.906947459,308.120997776,29.472443266,50.906947459,661.790316963,150.041529352,16.075878145,0,LIVINGSTON,2018,0,5.358626048,37323,0,182.193285642,16.075878145,1082.4
79.384254306,37.966382494,10.354467953,144.962551341,0,58.675318400,776.585096469,207.089359058,6.902978635,0,LOGAN,2018,0,6.902978635,28973,0,179.477444517,24.160425223,1259.8
203.679369251,384.362680683,16.425755585,164.257555848,88.699080158,29.566360053,877.135348226,170.827858081,9.855453351,3.285151117,MCDONOUGH,2018,0,3.285151117,30440,0,144.546649146,95.269382392,1333.8
59.133531312,74.079368896,2.599276102,81.227378175,4.873642691,28.592037118,702.454366459,87.075749404,7.148009279,0.324909513,MCHENRY,2018,0,1.299638051,307778,0,66.281540591,34.440408346,927.6
55.265974775,108.786708242,2.908735514,205.938474426,13.380183367,73.881882068,1136.733839065,212.919439661,34.323079071,6.399218132,MCLEAN,2018,0,2.908735514,171896,0,187.904314237,73.300134965,1728.4
260.872058023,82.179476154,0.955575304,204.493115080,64.023545375,113.713461189,1622.566866382,680.369616528,82.179476154,8.600177737,MACON,2018,1.911150608,23.889382603,104649,0,345.918260088,34.400710948,2911.6
13.356484573,44.521615244,6.678242287,91.269311251,64.556342104,80.138907440,1066.292685099,289.390499087,6.678242287,2.226080762,MACOUPIN,2018,0,6.678242287,44922,0,124.660522684,24.486888384,1600.6
152.850684225,73.960008496,47.789543951,298.874290742,207.846587978,145.644324423,1280.835634311,394.453378645,41.721030434,4.551385138,MADISON,2018,0,10.240616561,263656,0,197.605971417,56.513032133,2131.6
221.185876083,21.319120586,98.600932712,247.834776815,373.084610260,239.840106596,1590.939373751,706.195869420,53.297801466,2.664890073,MARION,2018,0,90.606262492,37525,0,370.419720187,127.914723518,3181.9
77.881619938,34.614053306,8.653513326,95.188646591,17.307026653,43.267566632,536.517826237,250.951886466,8.653513326,8.653513326,MARSHALL,2018,0,8.653513326,11556,0,121.149186570,17.307026653,995.2
59.140977305,66.533599468,7.392622163,96.104088120,184.815554077,73.926221631,946.255636874,258.741775708,14.785244326,0,MASON,2018,0,0,13527,0,214.386042729,162.637687588,1670.7
247.524752475,169.731258840,56.577086280,247.524752475,509.193776521,169.731258840,2468.175388967,799.151343706,14.144271570,0,MASSAC,2018,0,77.793493635,14140,0,247.524752475,49.504950495,3826
0,24.734108335,0,32.978811114,74.202325006,49.468216671,412.235138923,156.649352791,0,0,MENARD,2018,0,57.712919449,12129,0,74.202325006,57.712919449,808
181.347150259,129.533678756,19.430051813,58.290155440,103.626943005,38.860103627,408.031088083,226.683937824,0,0,MERCER,2018,0,0,15440,0,19.430051813,25.906735751,718.9
43.980531285,35.184425028,20.524247933,96.757168827,49.844602123,29.320354190,474.989737876,134.873629273,2.932035419,0,MONROE,2018,0,0,34106,0,46.912566704,26.388318771,715.4
284.370172729,140.429714928,3.510742873,217.666058138,273.837944109,31.596685859,1355.146749052,396.713944671,7.021485746,0,MONTGOMERY,2018,0,17.553714366,28484,0,168.515657913,45.639657351,2022.2
131.685272199,53.871247718,0,149.642354772,158.620896058,35.914165145,1520.366324484,332.206027594,17.957082573,0,MORGAN,2018,0,5.985694191,33413,0,191.542214108,68.835483195,2172.8
41.093075817,109.581535511,6.848845969,61.639613725,20.546537908,27.395383878,609.547291281,164.372303267,13.697691939,0,MOULTRIE,2018,0,6.848845969,14601,0,328.744606534,34.244229847,1184.9
83.150204906,108.887173091,13.858367484,106.907406308,1.979766783,53.453703154,498.901229435,162.340876245,9.898833917,0,OGLE,2018,0,1.979766783,50511,0,53.453703154,35.635802103,815.7
64.920417471,103.432529531,18.705883000,175.505196384,13.754325735,283.889283180,2217.197308554,636.550195036,117.737028295,13.204152706,PEORIA,2018,0,34.660900853,181761,0,372.467140916,58.318341118,3734
275.547531949,109.268848876,123.521307426,370.563922277,318.304907597,85.514751295,451.327854055,199.534419687,0,0,PERRY,2018,0,0,21049,0,128.272126942,9.501639033,874.2
146.914789422,55.093046033,6.121449559,36.728697356,12.242899119,18.364348678,214.250734574,116.307541626,6.121449559,0,PIATT,2018,0,12.242899119,16336,0,183.643486778,24.485798237,575.4
204.185809086,31.904032670,12.761613068,133.996937213,344.563552833,12.761613068,453.037263910,216.947422154,0,6.380806534,PIKE,2018,0,0,15672,0,70.188871873,31.904032670,791.2
0,0,17.658484902,0,0,17.658484902,176.584849020,35.316969804,0,17.658484902,PUTNAM,2018,0,0,5663,0,0,0,247.2
186.700687681,68.456918816,56.010206304,205.370756449,93.350343840,21.781746896,102.685378224,74.680275072,6.223356256,0,RANDOLPH,2018,0,0,32137,0,49.786850048,9.335034384,264.5
189.981635109,82.325375214,25.330884681,101.323538725,481.286808942,107.656259895,2058.134380343,734.595655753,31.663605851,0,RICHLAND,2018,0,31.663605851,15791,0,259.641567982,88.658096384,3312
136.319376826,86.938378078,49.380998748,175.267770204,110.585616915,216.998191682,1470.997357073,426.345806093,42.425928502,2.782028098,ROCK ISLAND,2018,0,13.214633468,143780,0,287.939908193,47.989984699,2508.7
163.700712060,192.521259957,37.658849253,237.481314678,62.252383459,178.687396967,1489.061641388,469.967067721,59.946739627,13.833862991,ST. CLAIR,2018,0,31.510465702,260231,0,257.079287249,64.942301263,2565
117.228386016,54.427464936,100.481473728,272.137324681,339.124973833,108.854929872,1427.674272556,724.303956458,37.680552648,0,SALINE,2018,0,20.933640360,23885,0,318.191333473,29.307096504,2666.9
71.644968476,121.284696635,1.535249324,251.780889216,69.597969377,178.088921641,2407.270940801,757.389666749,119.749447310,5.117497748,SANGAMON,2018,0,21.493490543,195408,0,434.475558831,64.480471629,3988.1
273.972602740,360.490266763,14.419610671,72.098053353,187.454938717,28.839221341,562.364816150,100.937274694,0,0,SCHUYLER,2018,0,0,6935,0,86.517664023,43.258832012,821.9
141.843971631,162.107396150,20.263424519,60.790273556,60.790273556,20.263424519,141.843971631,162.107396150,0,0,SCOTT,2018,0,0,4935,0,20.263424519,20.263424519,364.7
37.470725995,9.367681499,0,9.367681499,23.419203747,18.735362998,135.831381733,126.463700234,0,0,SHELBY,2018,0,4.683840749,21350,0,0,37.470725995,323.2
74.934432372,0,18.733608093,0,37.467216186,56.200824279,580.741850880,187.336080929,0,0,STARK,2018,0,18.733608093,5338,0,149.868864743,18.733608093,1011.6
150.544882597,134.816312774,4.493877092,260.644871363,4.493877092,51.679586563,1262.779462982,251.657117178,15.728569824,2.246938546,STEPHENSON,2018,0,11.234692731,44505,0,56.173463656,65.161217841,1716.7
287.941145433,136.432846396,8.291498952,188.443158006,146.985663245,36.934858969,1114.075950130,296.986417017,26.382042121,0.753772632,TAZEWELL,2018,0,5.276408424,132666,0,158.292252725,75.377263202,1714.1
231.811697575,136.709462672,11.887779363,95.102234903,237.755587256,101.046124584,1040.180694246,291.250594389,11.887779363,0,UNION,2018,0,17.831669044,16824,0,160.485021398,47.551117451,1670.2
123.294960481,97.338126695,6.489208446,172.612944673,155.741002712,151.847477645,2136.247420540,828.022997755,151.847477645,19.467625339,VERMILION,2018,0,22.063308718,77051,0,650.218686325,120.699277102,4080.4
360.312857017,79.093066175,123.033658494,140.609895421,237.279198524,17.576236928,940.328675631,184.550487741,0,0,WABASH,2018,0,8.788118464,11379,0,149.398013885,0,1300.6
270.349691449,35.263003232,0,58.771672054,58.771672054,94.034675287,946.223920071,258.595357038,23.508668822,0,WARREN,2018,0,11.754334411,17015,0,152.806347341,5.877167205,1492.8
108.147080029,43.258832012,21.629416006,50.468637347,72.098053353,7.209805335,461.427541456,180.245133381,0,0,WASHINGTON,2018,0,0,13870,0,230.713770728,0,879.6
6.101653548,6.101653548,0,24.406614192,67.118189029,18.304960644,451.522362560,48.813228385,6.101653548,0,WAYNE,2018,0,0,16389,0,91.524803222,30.508267741,646.8
152.339499456,87.051142546,14.508523758,79.796880667,203.119332608,36.271309394,1051.867972434,275.661951396,0,0,WHITE,2018,0,0,13785,0,253.899165760,29.017047515,1646.7
106.222094196,97.220221806,36.007489558,63.013106726,81.016851505,81.016851505,1037.015699265,216.044937347,7.201497912,0,WHITESIDE,2018,0,1.800374478,55544,0,88.218349417,70.214604638,1501.5
49.882667291,54.943227741,1.156699531,77.932630928,2.168811621,67.233160262,757.204430738,156.009849297,31.953824555,2.313399063,WILL,2018,0,10.699470665,691623,0,93.548074601,28.772900843,1147.7
184.677707613,71.488144883,7.446681759,166.805671393,260.633861551,123.614917193,1526.569760515,457.226259979,25.318717979,0,WILLIAMSON,2018,0,11.914690814,67144,0,144.465626117,61.062790421,2350.2
64.163009493,294.582656845,17.015604728,181.854275525,2.835934121,199.578863783,1910.001630662,568.250299546,138.606280176,11.343736485,WINNEBAGO,2018,0,25.877898856,282094,0,613.625245486,81.887597751,3549.2
7.779276009,44.082564049,2.593092003,72.606576081,2.593092003,33.710196038,401.929260450,70.013484078,2.593092003,0,WOODFORD,2018,0,7.779276009,38564,0,49.268748055,12.965460015,578.3
62.869935903,24.534609133,3.066826142,52.136044408,257.613395897,69.003588187,1607.016898212,363.418897783,18.400956850,6.133652283,ADAMS,2019,0,10.733891496,65214,0,306.682614163,108.872328028,2490.3
0,0,0,34.429333792,154.932002066,17.214666896,636.942675159,258.220003443,0,0,ALEXANDER,2019,0,0,5809,0,86.073334481,17.214666896,1015.7
79.191033138,30.458089669,48.732943470,79.191033138,219.298245614,30.458089669,517.787524366,146.198830409,6.091617934,6.091617934,BOND,2019,0,12.183235867,16416,0,48.732943470,0,767.5
82.598085226,95.738689694,9.386146048,163.318941243,0,48.807959452,572.554908954,137.037732307,15.017833677,0,BOONE,2019,0,1.877229210,53270,1.877229210,105.124835742,50.685188662,933
0,0,0,0,30.849915163,0,123.399660651,30.849915163,0,0,BROWN,2019,0,0,6483,0,15.424957581,0,169.7
21.470416833,15.336012023,24.537619237,15.336012023,6.134404809,39.873631261,733.061374720,131.889703402,3.067202405,3.067202405,BUREAU,2019,0,12.268809619,32603,0,98.150476950,58.276845689,1079.7
42.498937527,21.249468763,7.083156254,35.415781272,127.496812580,21.249468763,538.319875336,212.494687633,7.083156254,0,CARROLL,2019,0,7.083156254,14118,0,198.328375124,49.582093781,1034.1
954.911566885,739.018516981,74.732209582,99.642946110,249.107365274,24.910736527,2142.323341360,415.178942124,0,0,CASS,2019,0,0,12043,0,381.964626754,33.214315370,2997.6
39.351786002,67.324742317,8.060004362,188.698925649,5.215296940,98.142406054,1655.619719512,326.667235608,73.962392968,1.422353711,CHAMPAIGN,2019,0,6.163532747,210918,0,359.855488863,71.591803450,2593.4
74.425527956,102.335100940,12.404254659,58.920209632,244.984029522,24.808509319,530.281886687,173.659565231,6.202127330,3.101063665,CHRISTIAN,2019,0,0,32247,0,62.021273297,12.404254659,812.5
155.430347775,25.905057963,0,12.952528981,129.525289813,12.952528981,576.387539667,136.001554303,0,0,CLARK,2019,0,0,15441,0,116.572760832,12.952528981,854.9
251.466890193,160.024384668,22.860626381,45.721252762,312.428560543,91.442505525,640.097538673,152.404175874,15.240417587,0,CLAY,2019,0,7.620208794,13123,0,68.581879143,0,975.4
114.838158316,32.047858135,18.694583912,98.814229249,130.862087384,34.718512979,956.094434355,122.850122850,8.011964534,0,CLINTON,2019,0,5.341309689,37444,0,80.119645337,18.694583912,1225.8
37.777115021,31.812307386,3.976538423,145.143652451,363.853265732,25.847499751,542.797494781,198.826921165,13.917884482,3.976538423,COLES,2019,0,13.917884482,50295,0,188.885575107,81.519037678,1069.7
37.847875197,135.434123078,2.190988677,287.698141479,2.462438601,230.364039555,1844.192008941,288.279819889,184.217552379,10.877386263,COOK,2019,0.038778561,10.819218422,5157489,0.290839205,351.973605760,50.218236045,2971.3
64.512660610,91.392935864,10.752110102,21.504220203,75.264770711,10.752110102,456.964679318,182.785871727,0,0,CRAWFORD,2019,0,5.376055051,18601,0,86.016880813,5.376055051,747.3
55.923198807,18.641066269,0,83.884798210,158.449063286,37.282132538,242.333861497,121.166930748,9.320533134,0,CUMBERLAND,2019,0,0,10729,0,55.923198807,0,466
59.875613242,117.819755089,6.760149882,116.854019392,1.931471395,50.218256268,1442.809131997,223.084946112,40.560899293,0.965735697,DEKALB,2019,0,14.486035462,103548,0,217.290531927,57.944141847,2047.4
102.577253494,57.699705090,0,173.099115271,0,38.466470060,820.618027952,480.830875753,25.644313374,0,DEWITT,2019,0,0,15598,0,0,57.699705090,1423.3
253.505095970,243.157949196,36.215013710,72.430027420,253.505095970,56.909307259,362.150137100,248.331522583,0,0,DOUGLAS,2019,0,10.347146774,19329,0,113.818614517,31.041440323,822.6
47.314778306,37.808612802,4.104935104,69.135749124,2.160492160,52.067861059,990.369606196,125.416569895,20.632700129,0.540123040,DUPAGE,2019,0,2.916664416,925715,0.108024608,45.694409186,25.601832097,1263.3
314.979001400,0,75.828278115,122.491833878,507.466168922,93.327111526,454.969668689,548.296780215,23.331777881,0,EDGAR,2019,0,29.164722352,17144,0,361.642557163,34.997666822,1545.7
79.088895919,189.813350206,0,31.635558368,173.995571022,15.817779184,205.631129389,47.453337551,0,0,EDWARDS,2019,0,15.817779184,6322,0,63.271116735,0,348
461.073096238,252.562332971,99.850224663,226.131391149,707.761886582,70.482511527,1086.605386039,170.332736190,2.936771314,0,EFFINGHAM,2019,0,17.620627882,34051,0,208.510763267,46.988341018,1603.5
375.486742073,55.627665492,125.162247358,199.332468014,449.656962729,64.898943074,616.539959206,194.696829223,13.906916373,0,FAYETTE,2019,0,4.635638791,21572,0,129.797886149,46.356387910,1070.8
173.047804456,317.254308169,0,136.996178528,64.892926671,28.841300743,533.564063739,209.099430384,7.210325186,0,FORD,2019,0,0,13869,0,158.627154085,36.051625928,973.4
200.708998019,33.885934730,5.213220728,127.723907830,200.708998019,59.952038369,737.670732979,247.627984569,2.606610364,0,FRANKLIN,2019,2.606610364,5.213220728,38364,2.606610364,54.738817642,2.606610364,1115.6
361.755721100,40.195080122,32.156064098,117.905568358,334.959001018,53.593440163,442.145881344,377.833753149,13.398360041,0,FULTON,2019,0,2.679672008,37318,0,155.420976472,45.554424138,1090.6
105.596620908,0,35.198873636,35.198873636,140.795494544,123.196057726,563.181978177,211.193241816,0,0,GALLATIN,2019,0,17.599436818,5682,0,105.596620908,0,1020.8
124.194675153,69.859504774,93.146006365,170.767678336,147.481176745,69.859504774,442.443530234,178.529845533,0,0,GREENE,2019,0,15.524334394,12883,0,256.151517504,62.097337577,1024.6
15.335659242,53.674807346,19.169574052,161.024422037,21.086531457,15.335659242,688.187708469,92.013955450,11.501744431,3.833914810,GRUNDY,2019,0,5.750872216,52166,0,42.173062915,26.837403673,885.6
12.359411692,24.718823384,0,12.359411692,37.078235076,49.437646768,840.439995056,98.875293536,0,0,HAMILTON,2019,0,0,8091,0,86.515881844,49.437646768,1124.7
5.507517762,16.522553285,11.015035523,16.522553285,269.868370325,33.045106570,605.826953792,275.375888087,0,0,HANCOCK,2019,0,0,18157,0,49.567659856,22.030071047,985.8
0,0,0,0,0,0,0,30.284675954,0,0,HENDERSON,2019,0,0,6604,0,0,0,30.3
129.360793413,114.987371923,45.173610398,106.773988214,137.574177122,22.586805199,1108.806800682,143.734214903,6.160037782,2.053345927,HENRY,2019,0,2.053345927,48701,0,125.254101558,26.693497053,1437.3
54.284887087,21.713954835,61.522872032,108.569774175,83.236826867,112.188766647,759.988419224,296.757382745,14.475969890,14.475969890,IROQUOIS,2019,0,7.237984945,27632,0,65.141864505,39.808917197,1310.1
146.116470671,68.657136821,17.604394057,190.127455813,146.116470671,112.668121963,1941.764664460,487.641715372,77.459333850,1.760439406,JACKSON,2019,0,35.208788114,56804,0,345.046123512,109.147243152,3110.7
41.867280720,41.867280720,41.867280720,136.068662340,334.938245761,83.734561440,324.471425581,376.805526481,10.466820180,0,JASPER,2019,0,10.466820180,9554,0,471.006908101,177.935943060,1454.9
388.991021235,26.643220633,95.915594277,282.418138705,767.324754216,634.108651054,2048.863666640,543.521700903,50.622119202,7.992966190,JEFFERSON,2019,0,31.971864759,37533,0,610.129752484,58.615085392,3985.8
411.827310166,148.072740734,60.154550923,323.909120355,384.063671279,78.663643515,906.945536995,291.518208320,64.781824071,0,JERSEY,2019,0,0,21611,0,83.290916663,134.190921290,1559.4
303.102060147,137.343121004,89.983424106,108.927302865,236.798484490,61.567605967,923.514089510,222.590575420,4.735969690,0,JO DAVIESS,2019,0,0,21115,0,71.039545347,28.415818139,1311.9
16.152479406,24.228719108,0,8.076239703,64.609917622,121.143595542,468.421902762,258.439670489,8.076239703,0,JOHNSON,2019,0,0,12382,0,185.753513164,16.152479406,1058
53.673050705,61.153615263,0.561042342,112.956524829,2.805211709,45.070401463,728.606987969,114.826665968,31.231357031,2.618197595,KANE,2019,0,4.488338735,534719,0,108.655200208,25.246905384,1060.7
69.273539331,43.751709051,6.380457570,101.175827181,10.026433324,72.008021147,1438.337435056,261.598760368,79.299972655,4.557469693,KANKAKEE,2019,0,11.849421201,109710,0,231.519460396,44.663202990,2143.8
21.707277365,15.505198118,0,15.505198118,8.527858965,18.606237741,695.408135577,64.346572188,19.381497647,0.775259906,KENDALL,2019,0,3.876299529,128989,0,53.492933506,128.693144377,984.6
205.823597070,143.269366588,18.160905624,151.340880199,310.753274008,108.965433743,2147.022620417,617.470791210,26.232419234,0,KNOX,2019,0,4.035756805,49557,0,266.359949149,88.786649716,3258.9
75.730286726,49.352321686,5.672680654,60.981317026,2.127255245,60.981317026,915.428840476,145.220624732,31.767011660,0.992719114,LAKE,2019,0,5.530863637,705134,0.283634033,66.937631713,22.690722614,1249.8
156.825121539,181.732640843,1.845001430,211.252663721,20.295015729,34.132526453,898.515696350,135.607605096,5.535004290,2.767502145,LASALLE,2019,0,7.380005720,108401,0,75.645058625,50.737539322,1210.3
25.718510898,6.429627725,0,6.429627725,6.429627725,12.859255449,25.718510898,38.577766347,0,0,LAWRENCE,2019,0,0,15553,0,25.718510898,6.429627725,109.3
189.035916824,189.035916824,0,150.637996219,70.888468809,44.305293006,942.225897921,129.962192817,5.907372401,2.953686200,LEE,2019,0,2.953686200,33856,0,103.379017013,79.749527410,1311.4
21.907604677,32.861407016,46.553659939,273.845058466,19.169154093,27.384505847,605.197579210,180.737738588,10.953802339,0,LIVINGSTON,2019,0,2.738450585,36517,0,145.137880987,27.384505847,999.5
83.828152288,41.914076144,3.492839679,125.742228432,0,55.885434859,820.817324485,230.527418791,6.985679357,0,LOGAN,2019,0,0,28630,0,157.177785540,27.942717429,1299.3
117.352768599,169.852691393,9.264692258,114.264537846,200.734998919,21.617615268,836.910533955,163.676229888,12.352923010,0,MCDONOUGH,2019,0,6.176461505,32381,0,166.764460640,46.323461289,1253.8
64.268812423,62.321272652,2.921309656,63.619632499,5.842619311,19.799987666,617.045517250,62.321272652,6.816389196,0.649179923,MCHENRY,2019,0,2.272129732,308081,0.324589962,53.232753724,23.370477245,785.8
41.830694561,82.515342697,1.146046426,174.772080017,32.089299938,78.504180204,1060.092944365,184.513474641,46.987903480,1.719069640,MCLEAN,2019,0,9.741394624,174513,0.573023213,229.782308481,65.897669515,1677.8
226.699778004,58.321104715,0,216.352485232,107.235579637,179.666629040,1564.322534522,488.204086240,66.787071528,10.347292772,MACON,2019,0,34.804530233,106308,0,270.910938029,60.202430673,2675.2
147.295125870,51.330119621,17.853954651,102.660239243,98.196750580,73.647562935,1218.532404928,258.882342439,8.926977325,0,MACOUPIN,2019,0,6.695232994,44808,0,107.123727906,40.171397965,1714
122.093583661,51.407824699,43.196852699,251.327142974,262.751104019,144.584506967,1170.599008257,311.659937240,35.342879481,3.569987826,MADISON,2019,0,8.210972001,280113,0,217.412258624,54.977812526,1946.4
177.266867211,10.743446498,120.863773098,330.360979802,394.821658788,177.266867211,1638.375590890,714.439192093,77.889987108,8.057584873,MARION,2019,0,88.633433606,37232,0,416.308551783,136.978942845,3258
105.708245243,8.809020437,0,79.281183932,105.708245243,35.236081748,211.416490486,176.180408739,0,0,MARSHALL,2019,0,8.809020437,11352,0,79.281183932,26.427061311,537.4
102.549077058,51.274538529,14.649868151,87.899208907,95.224142983,102.549077058,878.992089071,271.022560797,0,0,MASON,2019,0,7.324934076,13652,0,256.372692646,131.848813361,1648.1
201.976484166,21.640337589,43.280675179,137.055471399,274.110942797,100.988242083,1399.408497439,411.166414196,14.426891726,0,MASSAC,2019,0,7.213445863,13863,0,137.055471399,86.561350357,2156.8
54.234136515,7.747733788,0,46.486402727,54.234136515,46.486402727,495.854962423,85.225071667,0,0,MENARD,2019,0,170.450143333,12907,0,77.477337879,23.243201364,898.7
110.153567032,32.398107950,12.959243180,38.877729541,64.796215901,84.235080671,609.084429469,233.266377244,0,0,MERCER,2019,0,0,15433,0,58.316594311,38.877729541,1023.8
48.821113696,34.461962609,11.487320870,163.694322392,48.821113696,17.230981304,157.950661957,114.873208696,2.871830217,0,MONROE,2019,0,0,34821,0,60.308434565,11.487320870,364.7
300.072431277,93.125926948,44.838409271,182.802745490,465.629634739,41.389300866,1258.924567999,400.096575035,3.449108405,3.449108405,MONTGOMERY,2019,0,13.796433622,28993,0,203.497395923,37.940192460,1962.5
104.052085501,38.647917472,2.972916729,89.187501858,166.483336802,23.783333829,1536.997948687,478.639593305,26.756250557,2.972916729,MORGAN,2019,0,2.972916729,33637,0,184.320837173,47.566667658,2304
34.171678513,68.343357026,0,54.674685621,61.509021323,34.171678513,567.249863313,184.527063969,0,0,MOULTRIE,2019,0,6.834335703,14632,0,416.894477857,27.337342810,1237
94.936107999,60.759109120,3.797444320,87.341219359,7.594888640,28.480832400,529.743482636,168.986272239,5.696166480,1.898722160,OGLE,2019,0,1.898722160,52667,0,68.353997760,30.379554560,835.4
69.682969921,72.426393934,29.628979337,178.871245624,34.018457757,315.493761454,2057.019324679,547.587432923,156.923853523,13.717120063,PEORIA,2019,0,24.690816114,182254,0,482.293941422,55.965849858,3653.7
200.428187491,100.214093746,91.103721587,223.204117888,250.535234364,50.107046873,337.083769872,159.431512777,18.220744317,0,PERRY,2019,0,4.555186079,21953,0,113.879651984,13.665558238,696.9
128.062360802,22.271714922,0,22.271714922,5.567928731,38.975501114,211.581291759,250.556792873,0,0,PIATT,2019,0,0,17960,0,122.494432071,38.975501114,662.6
233.070050499,51.793344555,0,129.483361388,220.121714360,19.422504208,485.562605205,123.009193319,12.948336139,12.948336139,PIKE,2019,0,25.896672278,15446,0,71.215848763,51.793344555,802.8
17.602534765,17.602534765,35.205069530,0,0,0,246.435486710,88.012673825,0,0,PUTNAM,2019,0,0,5681,0,17.602534765,0,352.1
342.810416405,44.030695685,194.993080891,320.795068562,160.397534281,3.145049692,125.801987671,44.030695685,0,0,RANDOLPH,2019,3.145049692,0,31796,3.145049692,62.900993836,9.435149075,251.6
63.942707334,19.182812200,6.394270733,57.548436601,172.645309802,25.577082934,1055.054671015,383.656244005,0,0,RICHLAND,2019,0,6.394270733,15639,0,166.251039069,76.731248801,1713.7
157.045380700,77.168850861,71.076573161,204.429762807,163.137658399,153.660781978,1238.086212499,362.152063251,46.030542619,1.353839489,ROCK ISLAND,2019,0,7.446117188,147728,0,255.198743637,56.184338785,2120.1
145.316256097,141.837941456,44.058652114,184.737155357,45.991049137,172.369814413,1129.292819986,323.869740982,54.107116632,16.618614394,ST. CLAIR,2019,0,36.329064024,258746,0.772958809,185.510114166,55.266554845,1974.1
74.968763015,20.824656393,16.659725115,254.060807997,745.522698875,87.463556851,1024.573094544,537.276134944,29.154518950,4.164931279,SALINE,2019,0,8.329862557,24010,0,299.875052062,29.154518950,2020
60.509717450,67.176042254,2.563971078,183.580329214,55.381775294,178.452387057,2147.582175273,678.426747346,121.019434901,5.127942157,SANGAMON,2019,0,13.332649608,195010,0,406.133018820,71.278395980,3621.4
455.815321276,455.815321276,58.814880165,88.222320247,352.889280988,0,1043.964122923,205.852080576,0,0,SCHUYLER,2019,0,0,6801,0,117.629760329,0,1367.4
0,41.186161450,0,41.186161450,185.337726524,82.372322900,144.151565074,123.558484349,0,0,SCOTT,2019,0,0,4856,0,0,0,350.1
23.384154897,42.091478814,0,14.030492938,37.414647835,23.384154897,168.365915256,74.829295669,0,0,SHELBY,2019,0,0,21382,0,0,9.353661959,275.9
153.775180686,30.755036137,0,92.265108412,0,46.132554206,184.530216823,276.795325235,0,0,STARK,2019,0,0,6503,0,138.397662617,0,645.9
87.919024324,96.936360152,9.017335828,135.260037422,20.289005613,15.780337699,1043.756622106,259.248405059,40.578011227,9.017335828,STEPHENSON,2019,0,6.763001871,44359,0,92.427692238,51.849681012,1519.4
179.682206132,47.204647374,5.329556962,108.875235072,113.443426753,34.261437610,822.274502638,168.261726929,11.420479203,0,TAZEWELL,2019,0,4.568191681,131343,0,164.454900528,33.500072330,1238.7
98.050524859,34.606067597,11.535355866,63.444457262,98.050524859,11.535355866,490.252624293,207.636405583,0,0,UNION,2019,0,0,17338,0,149.959626254,11.535355866,870.9
129.154695696,98.842879359,3.953715174,106.750309708,147.605366509,139.697936161,1914.916049448,793.378844988,97.524974301,9.225335407,VERMILION,2019,0,19.768575872,75878,0,707.715016210,121.247265347,3803.5
305.623471883,61.124694377,96.053091163,96.053091163,87.320991966,8.732099197,969.263010828,148.445686343,26.196297590,0,WABASH,2019,0,0,11452,0,43.660495983,0,1196.3
207.456582301,35.563985537,0,106.691956612,94.837294766,53.345978306,782.407681821,260.802560607,0,0,WARREN,2019,0,11.854661846,16871,0,100.764625689,41.491316460,1250.7
41.873124433,13.957708144,13.957708144,13.957708144,41.873124433,34.894270361,153.534789588,69.788540722,6.978854072,0,WASHINGTON,2019,0,0,14329,0,223.323330309,0,488.5
30.848963475,43.188548865,0,12.339585390,166.584402764,86.377097730,869.940769990,487.413622902,18.509378085,0,WAYNE,2019,0,0,16208,0,86.377097730,37.018756170,1585.6
74.117995849,29.647198340,14.823599170,74.117995849,111.176993774,96.353394604,659.650163060,318.707382152,7.411799585,0,WHITE,2019,0,0,13492,0,148.235991699,7.411799585,1237.8
72.687624932,56.332909322,27.257859349,103.579865528,54.515718699,94.493912411,1070.325277122,248.955115392,7.268762493,3.634381247,WHITESIDE,2019,0,10.903143740,55030,0,83.590768672,45.429765582,1564.6
39.804653236,44.146979044,0.578976774,77.438143569,2.026418710,90.320376798,791.750738919,117.966517773,29.962048072,3.473860646,WILL,2019,0,9.553116777,690874,0,141.125588747,31.264745815,1215.4
98.763954150,10.474964834,2.992847095,86.792565768,161.613743154,88.288989316,758.686738695,255.888426660,10.474964834,7.482117739,WILLIAMSON,2019,0,5.985694191,66826,0,112.231766079,26.935623859,1266
40.858961969,185.108862486,15.988289466,182.621795236,3.197657893,183.332385879,1746.987095674,477.516912057,108.365073049,7.105906429,WINNEBAGO,2019,1.421181286,27.713035075,281456,1.421181286,529.034733671,69.282587687,3152.2
18.788604711,49.320087367,2.348575589,63.411540900,14.091453533,25.834331478,352.286338336,129.171657390,2.348575589,11.742877945,WOODFORD,2019,0,4.697151178,42579,0,126.823081801,51.668662956,704.6
196.942974721,45.561434450,11.757789536,124.926513815,255.731922399,67.607289830,1568.195179306,393.885949442,29.394473839,0,ADAMS,2017,0,10.288065844,68040,0,276.308054086,91.122868901,2436.8
0,36.075036075,0,108.225108225,36.075036075,24.050024050,733.525733526,300.625300625,0,0,ALEXANDER,2017,0,12.025012025,8316,0,300.625300625,0,1370.9
174.343400259,33.743883921,33.743883921,174.343400259,185.591361566,33.743883921,562.398065351,44.991845228,0,0,BOND,2017,0,0,17781,0,39.367864575,5.623980654,686.1
65.052041633,46.704029891,11.676007473,155.124099279,5.004003203,40.032025620,642.180410995,161.796103550,15.012009608,3.336002135,BOONE,2017,0,5.004003203,59952,0,101.748065119,48.372030958,1017.5
27.762354248,41.643531371,0,27.762354248,13.881177124,13.881177124,138.811771238,55.524708495,0,0,BROWN,2017,0,27.762354248,7204,0,41.643531371,0,277.6
29.180814941,50.403225806,0,29.180814941,5.305602716,10.611205433,761.353989813,262.627334465,7.958404075,0,BUREAU,2017,0,5.305602716,37696,0,74.278438031,18.569609508,1140.7
76.335877863,20.818875781,6.939625260,62.456627342,55.517002082,69.396252602,763.358778626,256.766134629,20.818875781,0,CARROLL,2017,0,6.939625260,14410,0,104.094378904,34.698126301,1256.1
118.844239768,81.705414841,14.855529971,14.855529971,59.422119884,29.711059942,356.532719305,185.694124638,0,0,CASS,2017,0,0,13463,0,141.127534725,0,713.1
71.256537787,174.816039372,10.450958875,142.038031989,9.500871705,90.258281197,1973.331053124,452.241493157,90.258281197,2.850261511,CHAMPAIGN,2017,0,16.151481898,210507,0,288.826499831,68.881319861,2982.8
99.797553534,71.283966810,0,79.838042827,85.540760172,68.432608138,735.650537481,216.703259103,2.851358672,0,CHRISTIAN,2017,0,0,35071,0,45.621738759,5.702717345,1075
151.735858218,78.902646273,12.138868657,30.347171644,42.486040301,12.138868657,291.332847779,72.833211945,6.069434329,0,CLARK,2017,0,6.069434329,16476,0,12.138868657,6.069434329,406.7
228.967682847,130.838675913,0,98.129006934,261.677351825,65.419337956,798.115923067,189.716080073,0,0,CLAY,2017,0,6.541933796,15286,0,32.709668978,6.541933796,1099
133.046771057,81.874936035,28.144509262,122.812404053,69.081977280,20.468734009,575.683143998,63.964793778,7.675775253,0,CLINTON,2017,0,12.792958756,39084,0,76.757752533,7.675775253,765
64.569689143,47.966054792,3.689696522,138.363619592,226.916336131,23.983027396,761.922331888,252.744211789,9.224241306,3.689696522,COLES,2017,0,11.069089567,54205,0,206.623005258,60.879992621,1330.1
39.196701795,133.694920668,3.378364112,238.635355886,1.996306066,276.814709397,1840.229483060,366.686872867,265.892611786,14.031728214,COOK,2017,0.038390501,14.569195231,5209622,0.230343008,340.830870263,44.360224216,3163.7
114.368891661,93.574547723,31.191515908,145.560407569,291.120815138,5.198585985,597.837388230,192.347681431,0,0,CRAWFORD,2017,0,36.390101892,19236,0,103.971719692,57.184445831,992.9
107.910683158,58.105752469,0,66.406574251,116.211504939,16.601643563,290.528762347,232.423009878,8.300821781,0,CUMBERLAND,2017,0,0,12047,0,58.105752469,0,606
155.578533957,170.756927514,12.332444765,230.521852143,15.178393557,42.689231878,1542.504245207,252.340792881,31.305436711,1.897299195,DEKALB,2017,0,9.486495973,105413,0,183.089372279,65.456822214,2128.8
12.364760433,37.094281298,0,117.465224111,0,12.364760433,247.295208655,123.647604328,6.182380216,0,DEWITT,2017,0,6.182380216,16175,0,0,6.182380216,401.9
163.382007556,132.747881140,5.105687736,51.056877361,20.422750945,30.634126417,280.812825488,127.642193403,5.105687736,0,DOUGLAS,2017,0,0,19586,0,117.430817931,20.422750945,582
85.002801229,69.440419691,4.507724308,83.178246152,1.931881846,53.770711383,1062.213035051,129.328756920,24.470503384,1.073267692,DUPAGE,2017,0,5.044358154,931734,0,46.043183999,17.816243692,1339.8
327.153762268,22.958158756,114.790793778,258.279286001,568.214429203,68.874476267,487.860873558,482.121333869,22.958158756,0,EDGAR,2017,0,22.958158756,17423,0,258.279286001,17.218619067,1360.3
203.784570597,174.672489083,0,58.224163028,189.228529840,14.556040757,218.340611354,58.224163028,0,0,EDWARDS,2017,0,0,6870,0,29.112081514,0,320.2
263.556328156,92.525093927,103.740256827,406.549655134,364.492794258,75.702349577,1115.908708574,308.416979757,2.803790725,0,EFFINGHAM,2017,0,5.607581450,35666,0,70.094768127,14.018953625,1592.6
74.145150035,39.253314724,17.445917655,30.530355897,39.253314724,47.976273552,340.195394278,122.121423587,0,0,FAYETTE,2017,0,4.361479414,22928,0,17.445917655,0,532.1
210.187066489,168.149653191,0,140.124710993,0,28.024942199,763.679674911,329.293070833,28.024942199,0,FORD,2017,0,14.012471099,14273,0,301.268128634,21.018706649,1485.3
308.108514316,70.138523584,27.554419979,130.257258085,162.821572606,42.584103605,989.454171990,440.870719671,12.524736354,5.009894542,FRANKLIN,2017,0,7.514841813,39921,0,107.712732647,5.009894542,1610.7
239.419407936,194.528268948,12.469760830,92.276230142,24.939521660,32.421378158,760.655410629,184.552460284,9.975808664,0,FULTON,2017,0,2.493952166,40097,0,84.794373644,32.421378158,1107.3
30.627871363,30.627871363,0,15.313935681,30.627871363,91.883614089,520.673813170,275.650842266,0,0,GALLATIN,2017,0,15.313935681,6530,0,91.883614089,0,995.4
179.171332587,111.982082867,134.378499440,306.084359836,164.240388205,29.861888764,619.634191863,343.411720791,7.465472191,0,GREENE,2017,0,7.465472191,13395,0,104.516610676,29.861888764,1142.2
5.571030641,27.855153203,42.711234912,144.846796657,0,25.998142990,690.807799443,144.846796657,7.428040854,0,GRUNDY,2017,0,1.857010214,53850,1.857010214,55.710306407,20.427112349,948.9
15.804446318,5.268148773,5.268148773,26.340743863,184.385207038,10.536297545,437.256348119,200.189653356,0,0,HANCOCK,2017,0,5.268148773,18982,0,42.145190180,15.804446318,711.2
35.637918746,53.456878118,0,142.551674982,213.827512473,71.275837491,249.465431219,231.646471846,17.818959373,17.818959373,HARDIN,2017,0,17.818959373,5612,0,285.103349964,17.818959373,908.8
104.491108209,94.443886265,4.018888777,62.292776047,54.254998493,18.084999498,1177.534411735,162.764995479,2.009444389,2.009444389,HENRY,2017,0,6.028333166,49765,0,84.396664322,48.226665327,1501.1
43.374539146,40.276357778,46.472720513,123.927254701,30.981813675,55.767264616,780.741704619,260.247234873,18.589088205,3.098181368,IROQUOIS,2017,0,6.196362735,32277,0,58.865445983,18.589088205,1202.1
331.683168317,235.973597360,6.600660066,313.531353135,107.260726073,64.356435644,1655.115511551,429.042904290,64.356435644,9.900990099,JACKSON,2017,0,29.702970297,60600,0,158.415841584,70.957095710,2481.8
0,0,21.023862083,42.047724167,84.095448334,42.047724167,252.286345002,105.119310417,0,0,JASPER,2017,0,0,9513,0,0,0,399.5
226.693114197,72.129627244,43.792987970,244.725521008,242.149462892,103.042324635,899.044282439,651.742703315,59.249336665,5.152116232,JEFFERSON,2017,0,41.216929854,38819,0,468.842577089,61.825394781,2290.1
401.429264635,189.686355816,154.395871013,480.832855441,185.275045216,48.524416604,723.454938462,379.372711633,0,4.411310600,JERSEY,2017,0,8.822621201,22669,0,105.871454409,48.524416604,1319
515.067998012,546.694980346,13.554421000,76.808385668,85.844666335,27.108842001,628.021506348,203.316315005,4.518140333,9.036280667,JO DAVIESS,2017,0,9.036280667,22133,0,63.253964668,31.626982334,975.9
15.433289606,30.866579211,0,23.149934409,15.433289606,30.866579211,385.832240142,92.599737634,0,0,JOHNSON,2017,0,0,12959,7.716644803,324.099081719,15.433289606,856.5
57.539656593,70.430034206,2.989073070,105.178008642,0.934085334,61.275997930,942.678919375,145.717312151,37.923864573,2.241804802,KANE,2017,0.747268267,7.285865608,535283,0,110.408886514,26.528023494,1334.8
65.512568541,43.974189843,33.205000494,122.050812625,2.692297337,86.153514794,1487.045562645,349.998653851,89.743244577,6.282027120,KANKAKEE,2017,0,12.564054241,111429,0.897432446,176.794191817,50.256216963,2259.7
51.701852650,19.584035095,0.783361404,41.518154401,0.783361404,28.201010536,683.874505503,106.537150915,10.967059653,0,KENDALL,2017,0,10.183698249,127655,0,61.102189495,33.684540363,934.6
103.216927576,151.002542195,22.937095017,147.179693025,137.622570101,40.139916280,949.978018617,319.207905652,15.291396678,0,KNOX,2017,0,9.557122924,52317,0,189.231033890,38.228491695,1561.6
152.419501252,102.598168433,9.992414209,95.279780561,1.688858740,51.932406244,1020.211416967,191.403990492,35.606771761,1.829596968,LAKE,2017,0,6.051743817,710539,0,84.583675210,23.784760583,1415.4
49.616991643,87.047353760,1.740947075,194.115598886,11.316155989,46.135097493,1110.724233983,272.458217270,10.445682451,1.740947075,LASALLE,2017,0,13.057103064,114880,0,82.694986072,52.228412256,1589.5
61.368517950,36.821110770,42.957962565,49.094814360,110.463332311,24.547407180,165.694998466,36.821110770,0,0,LAWRENCE,2017,0,18.410555385,16295,0,49.094814360,0,294.6
120.411077819,296.827308112,2.800257624,123.211335443,0,47.604379603,1136.904595223,249.222928509,8.400772871,0,LEE,2017,0,5.600515247,35711,0,120.411077819,56.005152474,1624.1
41.822533051,67.380747694,44.146007110,178.907502498,9.293896234,44.146007110,678.454425056,190.524872790,32.528636818,0,LIVINGSTON,2017,0,9.293896234,43039,0,130.114547271,16.264318409,1101.3
111.552216280,111.552216280,3.280947538,177.171167033,0,42.652317989,862.889202402,288.723383313,19.685685226,0,LOGAN,2017,0,0,30479,0,180.452114571,6.561895075,1401
322.306542823,580.151777081,23.440475842,181.663687773,105.482141287,32.230654282,867.297606141,228.544639456,14.650297401,0,MCDONOUGH,2017,0,8.790178441,34129,0,131.852676609,61.531249084,1344.9
89.190153407,94.703726527,7.135212273,129.406804398,6.810884442,19.459669834,768.656958454,106.703856258,10.378490578,2.594622645,MCHENRY,2017,0,3.891933967,308330,0,53.838419875,32.757110888,998.3
30.213030367,108.310863580,3.990400237,177.287781965,4.560457414,65.556575325,1232.463616101,229.162985047,37.623773664,2.850285884,MCLEAN,2017,0,5.130514591,175421,0.570057177,180.708125025,76.387661682,1830.5
242.132962976,94.112057308,3.654837177,234.823288622,42.030627536,95.025766602,1732.392821900,747.414202697,103.249150250,9.137092943,MACON,2017,0,33.807243887,109444,0,286.904718395,60.304813421,3068.2
90.709644756,94.928698000,10.547633111,116.023964222,107.585857734,67.504851911,845.920175513,238.376508312,2.109526622,0,MACOUPIN,2017,0,6.328579867,47404,0,128.681123956,29.533372711,1318.5
164.958835443,70.642963698,51.479180993,310.378127736,143.540490067,122.497905136,1392.192449470,401.312155475,50.727660102,2.254562671,MADISON,2017,0,16.157699144,266127,0.751520890,185.625659929,43.212451198,2214.7
170.740036099,29.269720474,85.370018050,287.818917996,239.036050539,153.666032489,1478.120883946,678.081857652,104.883165032,0,MARION,2017,0,90.248304795,40998,0,424.410946875,80.491731304,3009.9
180.313089091,32.784198017,8.196049504,122.940742562,8.196049504,32.784198017,499.959019752,286.861732645,0,0,MARSHALL,2017,0,16.392099008,12201,0,131.136792066,24.588148512,991.7
77.711056164,56.517131756,35.323207347,134.228187919,148.357470858,56.517131756,607.559166372,219.003885553,0,0,MASON,2017,0,7.064641469,14155,0,113.034263511,105.969622042,1109.1
162.249864792,108.166576528,87.885343429,263.656030287,202.812330990,169.010275825,2420.227149811,709.843158464,74.364521363,0,MASSAC,2017,0,27.041644132,14792,0,236.614386155,74.364521363,3711.5
14.576197070,21.864295605,0,0,7.288098535,7.288098535,204.066758983,80.169083886,0,0,MENARD,2017,0,0,13721,0,21.864295605,29.152394140,342.5
35.836789024,71.673578047,0,40.956330313,25.597706446,5.119541289,127.988532228,51.195412891,0,0,MERCER,2017,0,0,19533,0,0,5.119541289,189.4
54.668393037,34.527406129,20.140986908,80.563947633,43.159257661,14.386419220,279.096532873,77.686663789,2.877283844,0,MONROE,2017,0,2.877283844,34755,0,34.527406129,8.631851532,420.1
261.020881671,225.573601444,6.444960041,293.245681877,90.229440577,54.782160351,1143.980407321,296.468161897,3.222480021,0,MONTGOMERY,2017,0,25.779840165,31032,0,93.451920598,16.112400103,1633.8
82.414459475,42.628168694,14.209389565,201.773331818,150.619529385,71.046947823,1801.750596794,363.760372854,22.735023303,2.841877913,MORGAN,2017,0,14.209389565,35188,0,201.773331818,51.153802433,2529.3
13.486176669,20.229265003,0,13.486176669,6.743088334,20.229265003,289.952798382,33.715441672,6.743088334,0,MOULTRIE,2017,0,0,14830,0,114.632501686,6.743088334,472
52.164840897,40.986660705,11.178180192,48.438780833,0,24.219390417,482.524778299,106.192711827,3.726060064,0,OGLE,2017,0,1.863030032,53676,0,48.438780833,13.041210224,680
72.268986207,119.061854973,34.314770429,210.047988687,5.199207641,224.085849317,2261.655323729,731.528515054,153.896546166,6.758969933,PEORIA,2017,0,27.555800496,192337,0,324.950477547,58.231125576,3788.7
188.967875461,53.990821560,76.486997210,197.966345721,206.964815981,13.497705390,377.935750922,206.964815981,4.499235130,0,PERRY,2017,0,8.998470260,22226,0,134.977053901,8.998470260,755.9
47.110552764,36.641541039,0,62.814070352,5.234505863,20.938023451,193.676716918,157.035175879,0,0,PIATT,2017,0,5.234505863,19104,0,31.407035176,31.407035176,439.7
332.359177125,34.381983840,17.190991920,80.224628961,515.729757607,0,544.381410807,194.831241763,0,0,PIKE,2017,0,0,17451,0,28.651653200,28.651653200,796.5
39.656311963,79.312623926,0,0,0,0,185.062789161,52.875082617,0,0,PUTNAM,2017,0,0,7565,0,26.437541309,0,264.4
187.316755348,86.871538712,51.579976110,119.448365729,59.724182865,16.288413509,108.589423390,40.721033771,0,0,RANDOLPH,2017,0,0,36836,2.714735585,51.579976110,10.858942339,230.8
169.907494808,88.100182493,62.928701781,75.514442137,453.086652822,138.443143918,2133.282990372,484.551003713,6.292870178,0,RICHLAND,2017,0,31.464350890,15891,0,276.886287836,56.635831603,3127.6
125.988846672,120.020953934,44.427645932,160.470004708,67.636117687,135.935334567,1840.763359791,484.725510089,31.828761264,2.652396772,ROCK ISLAND,2017,0,9.946487895,150807,0,286.458851380,55.700332213,2848
193.771784994,190.332049165,34.397358283,228.933529016,68.412523696,183.834770379,1543.677001162,497.997309362,96.694796062,15.669907662,ST. CLAIR,2017,0,20.256222100,261648,0,370.344890846,61.150859170,2789.6
103.145951521,63.474431705,27.770063871,261.832030785,111.080255485,75.375887650,1543.222120839,769.627484429,31.737215853,3.967151982,SALINE,2017,0,0,25207,0,432.419565994,27.770063871,2884.1
484.756921168,710.376499545,5.002651405,238.126206890,85.045073889,200.606321350,2327.233433720,748.396650225,133.070527380,6.503446827,SANGAMON,2017,0,142.075299909,199894,1.000530281,521.776541567,65.534733409,4146.2
292.911540715,263.620386643,14.645577036,43.936731107,117.164616286,14.645577036,410.076157001,43.936731107,0,0,SCHUYLER,2017,0,0,6828,0,73.227885179,14.645577036,556.5
19.956096588,0,0,59.868289763,0,19.956096588,239.473159050,259.429255638,0,0,SCOTT,2017,0,0,5011,0,0,0,518.9
31.771247021,11.914217633,0,35.742652899,0,3.971405878,142.970611597,23.828435266,0,0,SHELBY,2017,0,0,25180,0,11.914217633,15.885623511,198.6
42.943028915,0,0,14.314342972,0,42.943028915,429.430289150,229.029487547,0,0,STARK,2017,0,0,6986,0,85.886057830,0,787.3
209.587051255,197.136335339,16.600954555,166.009545549,0,41.502386387,1612.367711143,373.521477485,26.976551152,4.150238639,STEPHENSON,2017,0,12.450715916,48190,0,43.577505707,66.403818220,2181
406.688763919,284.533164500,12.662470671,175.784886969,31.283751071,40.221965662,905.739078619,324.010278947,17.876429183,0.744851216,TAZEWELL,2017,0,11.172768240,134255,0,162.377565081,46.925626606,1509.1
252.497529915,87.825227797,76.847074322,170.161378856,279.942913602,76.847074322,966.077505764,301.899220551,5.489076737,0,UNION,2017,0,16.467230212,18218,0,170.161378856,49.401690636,1586.3
75.788716473,88.634261638,2.569109033,211.951495221,160.569314562,136.162778748,2334.035556469,935.155688007,123.317233583,12.845545165,VERMILION,2017,0,12.845545165,77848,0,646.130921796,111.756242935,4312.2
673.665791776,122.484689414,104.986876640,201.224846894,341.207349081,17.497812773,1618.547681540,341.207349081,17.497812773,0,WABASH,2017,0,0,11430,0,209.973753281,8.748906387,2213.5
288.850375505,0,0,78.777375138,68.273725119,73.525550129,693.240901213,220.576650386,0,5.251825009,WARREN,2017,0,15.755475028,19041,0,152.302925267,31.510950055,1192.2
99.482690012,86.218331344,19.896538002,39.793076005,46.425255339,33.160896671,212.229738692,179.068842021,0,0,WASHINGTON,2017,0,13.264358668,15078,0,198.965380024,6.632179334,643.3
24.470818549,12.235409274,0,42.823932461,36.706227823,12.235409274,568.946531261,79.530160284,0,0,WAYNE,2017,0,18.353113912,16346,0,36.706227823,6.117704637,721.9
160.277814879,173.634299452,0,106.851876586,113.530118873,60.104180580,687.858955523,186.990784026,0,0,WHITE,2017,0,20.034726860,14974,0,327.233872045,6.678242287,1288.9
78.229175927,76.451240110,19.557293982,115.565828074,28.446973064,88.896790826,1253.444750645,300.471152991,8.889679083,1.777935817,WHITESIDE,2017,0,17.779358165,56245,0,99.564405725,51.560138679,1822.4
71.276971032,72.722751378,4.048184967,89.927537489,2.891560691,72.433595309,891.323582991,164.096069212,44.674612675,3.759028898,WILL,2017,0,17.060208077,691668,0.289156069,95.276924767,32.385479739,1321.3
22.384509919,22.384509919,6.995159350,68.552561627,18.187414309,90.937071546,749.881082291,373.541509276,22.384509919,1.399031870,WILLIAMSON,2017,0,5.596127480,71478,0,36.374828619,15.389350569,1295.5
83.301699776,341.290930308,22.846457745,169.063787310,1.757419827,194.370632812,1825.959199741,665.710630281,162.385591969,6.678195341,WINNEBAGO,2017,0.351483965,27.415749294,284508,0.702967931,708.240190083,57.994854275,3649.8
18.524950793,67.152946625,0,64.837327776,0,37.049901586,497.858052565,87.993516267,2.315618849,0,WOODFORD,2017,0,0,43185,0,74.099803172,25.471807341,724.8
