Binary Target,Year,County,Total Index Crime Rates per 100K,Unemployment Rate,Percent Hispanic Male,Percent Two or More Races Male,Percent Native Hawaiin Male,Percent Asain Male,Percent American Indian Male,Percent Black Male,Percent White Male,Population Percent Male,Prop Female household no Children,Female Household with Children under 6,Prop Female Household with Children under 18,Prop Female Household,Prop Male Household No Children,Prop Male Household with children under 6,Prop Male Household with children under 18,Prop Male Household,Prop Married no children under 18,Prop Married with children under 6,Prop Married with Children under 18,Prop Married-Couple Family,Prop Female Poverty 75+,Prop Female Poverty 65-74,Prop Female Poverty 55-64,Prop Female Poverty 45-54,Prop Female Poverty 35-44,Prop Female Poverty 25-34,Prop Female Poverty 18-24,Prop Female 17 and Under,Prop Female Poverty,Prop Male Poveryy 75+,Prop Male Poverty 65-74,Prop Male Poverty 55-64,Prop Male Poverty 45-54,Prop Male Poverty 35-44,Prop Male Poverty 25-34,Prop Male Poverty 18-24,Prop Male Poverty Under 17,Prop Male Poverty,Prop 3 Earner,Prop 2 Earner,Prop 1 Earner,Prop No Earners,2018 Normalized Per Capital Income Dollars,2018-percent change,Normalize 2018 GDP,Percent Change - 2018,Prop of Paraphernalia Drug Arrests per 100K,Prop Cannabis Arrests Per 100K,Prop Needle/Syringe Arrests per 100K,Prop Controlled Substance Arrests per 100K,Prop of Meth Arrests Per 100K
TRUE,2018,ADAMS,2648.4,3.8,0.896027307,1.013364217,0.013714704,0.387059415,0.169148012,2.01301373,46.623897109,49.263215641,5.735010767,2.034455401,9.582908308,15.317919075,1.620763913,1.02572821,3.740224413,5.360988326,53.128187691,5.740677774,26.192904908,79.321092599,0.587564,0.45185368,0.62149158,0.559805071,0.809635433,1.148911233,0.917586824,1.801246067,6.898093887,0.211276294,0.311516871,0.397877984,0.427179076,0.513540189,0.686262414,0.820430572,1.876812041,5.244895441,9.911594696,44.37266236,29.394763686,16.320979259,-2139.588235294,6.4,4261888.01960784,4.6,133.712184523,53.180982481,3.038913285,110.920334888,350.994484372
FALSE,2018,ALEXANDER,742.9,8,0.811123986,1.059427247,0.082767754,0.099321304,0.281410363,15.262373779,32.378745241,48.170832644,12.710154674,3.160726295,17.08137189,29.791526564,2.084734364,0.336247478,4.236718225,6.321452589,52.92535306,2.757229321,10.961667787,63.887020847,0.559006211,1.133540373,1.552795031,1.739130435,2.391304348,1.630434783,1.770186335,7.267080745,18.043478261,0.170807453,0.450310559,1.304347826,0.822981366,0.931677019,1.677018634,1.459627329,5.357142857,12.173913043,4.77471419,22.932078009,42.972427707,29.320780094,10033.411764706,5.5,7366271.01960784,2.6,0,33.01964669,0,181.608056794,297.176820208
FALSE,2018,BOND,1175.6,4.3,2.524493599,0.823465769,0.018032097,0.546973613,0.396706137,4.628238264,46.312436136,52.004568131,5.590666018,0.923675255,4.545454545,10.136120564,1.531356344,0.607681089,3.087019932,4.618376276,55.858045698,4.399611084,29.387457462,85.24550316,0.554627464,0.467758102,0.601403274,0.681590378,0.895422653,0.748412964,1.81757434,2.091546943,7.858336118,0.167056465,0.09355162,0.835282325,0.821917808,0.407617775,0.841964584,1.53023722,1.931172736,6.628800535,8.920758386,44.871171609,26.56781721,19.640252795,7093.411764706,7.9,6990617.01960784,9,131.280582408,53.705692803,17.901897601,119.345984008,352.070652823
FALSE,2018,BOONE,1005.7,5.6,11.690351533,1.245325355,0.050486163,0.637621541,0.373971578,1.454749439,47.290575916,49.880329095,5.230680921,2.360622803,9.822773911,15.053454832,2.661978905,1.069096649,4.871923656,7.533902562,44.909234412,5.804692545,32.503408194,77.412642606,0.425700239,0.30326433,0.516114449,0.186479308,0.860818625,1.346795005,0.806193373,2.105897644,6.551262973,0.203431973,0.156341238,0.632899471,0.246755448,0.533067114,0.444536533,0.158224868,2.079526832,4.454783477,16.172777499,40.144937935,32.022673459,11.659611107,-2690.588235294,5.4,5839789.01960784,14.2,58.276153774,105.273051979,15.039007426,295.140520726,5.639627785
FALSE,2018,BROWN,210.2,2.6,6.01858906,0.579003504,0,0.213317081,1.234191681,18.650007618,44.27853116,64.528416883,1.632970451,2.021772939,10.419906687,12.052877138,1.477449456,0,0.622083981,2.099533437,53.965785381,10.34214619,31.881804044,85.847589425,0.3122398,0.37468776,0.37468776,0.24979184,0.666111574,0.9367194,0.87427144,2.102414654,5.89092423,0.228975853,0.145711907,0.291423813,1.269775187,0.707743547,0.49958368,0.353871774,0.645295587,4.142381349,4.432348367,51.244167963,27.99377916,16.32970451,9580.411764706,5.1,7143426.01960784,0,225.259047905,150.172698603,15.01726986,120.138158883,135.155428743
FALSE,2018,BUREAU,1327,4.9,4.872720653,0.734245578,0.018204436,0.364088716,0.206316939,0.482417549,47.917109136,49.018477502,4.552160169,2.750263435,9.736564805,14.288724974,2.855637513,1.369863014,4.288724974,7.144362487,53.287671233,4.805057956,25.279241307,78.56691254,0.386276538,0.316320944,0.507938439,0.775594623,0.830342478,1.104081757,0.650891173,2.539692195,7.111138147,0.16120202,0.203783685,0.54443701,0.346736419,0.541395462,0.717805219,0.410608918,2.591398504,5.517367236,10.706006322,41.949420443,30.684931507,16.659641728,815.411764706,4.9,6346281.01960784,0.4,27.392257122,51.740930119,3.043584125,42.610177745,6.087168249
FALSE,2018,CARROLL,1360.3,4.4,2.012016208,0.796423082,0,0.237529691,0.237529691,0.670672069,48.644683527,49.853290485,5.955577252,1.732975348,7.249206737,13.204783988,2.465218453,0.439345863,2.147913107,4.61313156,59.189650964,4.051745179,22.992433488,82.182084452,0.847160961,0.217041238,0.749142337,0.784148988,0.966183575,0.735139677,1.11321151,1.281243436,6.693271722,0.308058531,0.119022614,0.721137016,0.665126374,0.26605055,0.658125044,0.357067843,1.337254078,4.43184205,8.445203808,41.176470588,31.095923847,19.282401757,2347.411764706,-1.5,7083412.01960784,-12.6,76.735263341,27.903732124,48.831531217,62.783397279,230.205790024
TRUE,2018,CASS,1878.4,4.4,10.274528915,0.625406108,0.032488629,0.333008447,0.438596491,2.932098765,46.621182586,50.373619233,7.324276432,3.839338452,11.665682221,18.989958653,4.813939752,1.09273479,3.573538098,8.38747785,46.278795038,6.526875369,26.343768458,72.622563497,0.592284296,0.352169041,0.512245878,1.064510965,0.784376501,1.176564751,1.240595486,2.145029614,7.867776533,0.104049944,0.08804226,0.720345766,0.944453338,0.960461021,0.328157516,0.73635345,1.768849048,5.650712342,11.961015948,42.557590077,32.279976373,13.201417602,2097.411764706,6.1,6908359.01960784,2.6,609.855261018,471.621401854,48.788420881,105.708245243,390.307367052
TRUE,2018,CHAMPAIGN,2586,4.2,3.158852504,1.441038882,0.062881697,5.680789642,0.199125373,6.5468421,37.208814871,49.805638392,6.712119431,2.13001058,10.722934054,17.435053485,3.799224168,1.168449512,3.20441989,7.003644058,45.999764899,8.538850359,29.561537557,75.561302457,0.303907455,0.282752607,0.604719079,0.57530868,0.711525265,1.373001254,5.064780273,1.855950962,10.771945575,0.120737427,0.197617242,0.450443478,0.460246944,0.45095945,1.387964439,5.273748897,1.737277423,10.078995299,8.17209357,47.906429999,32.192312213,11.729164218,-581.588235294,5.2,-2809946.98039216,3.5,39.594514013,90.161001789,9.063804413,145.49791294,2.385211688
FALSE,2018,CHRISTIAN,932.3,5.1,1.029001929,0.59718862,0.018375034,0.263375494,0.125562735,1.365877561,49.049091967,50.852907849,5.949040296,2.491862162,10.450106634,16.39914693,5.017398137,1.01021439,4.130654394,9.148052531,51.116848131,3.636771804,23.335952408,74.452800539,0.518052377,0.664251208,0.963005339,0.92804475,0.553012967,1.064708874,1.001144165,2.237477752,7.929697432,0.276506484,0.254258835,0.870836512,0.715102975,0.562547674,0.476735317,0.584795322,1.29036359,5.031146707,8.75519138,43.495341789,29.644180043,18.105286789,3022.411764706,5,6200496.01960784,0.1,155.887027754,119.207727106,3.056608387,82.528426458,162.000244529
FALSE,2018,CLARK,691.2,5.1,0.967948718,0.596153846,0.012820513,0.121794872,0.108974359,0.237179487,49.064102564,49.596153846,6.971816063,2.22504768,9.917355372,16.889171435,2.860775588,1.674083492,3.390548845,6.251324433,51.006569188,6.547997457,25.852934944,76.859504132,0.462992734,0.186483184,0.366535914,0.578740917,0.887402739,1.524017748,1.163912289,2.347115941,7.517201466,0.237926821,0.16719182,0.237926821,0.643045463,0.462992734,0.559449553,0.617323645,2.160632757,5.086489615,9.832591651,44.013562195,29.900402628,16.253443526,1734.411764706,7.9,6938654.01960784,9.1,185.6,64,0,121.6,134.4
FALSE,2018,CLAY,1218.3,5.1,0.8744158,0.542740841,0,0.30152269,0.105532941,0.278908488,48.884366049,49.592944369,4.373650108,4.319654428,11.177105832,15.55075594,2.780777538,0.998920086,7.532397408,10.313174946,52.186825054,5.453563715,21.94924406,74.136069114,0.305600122,0.488960196,1.115440446,1.367560547,0.687600275,1.780120712,1.268240507,2.383680953,9.397203759,0.191000076,0.351440141,0.786920315,1.130720452,0.152800061,0.977920391,0.901520361,2.154480862,6.646802659,7.127429806,38.444924406,34.746220302,19.681425486,4395.411764706,8.5,6958196.01960784,0.3,236.046600168,190.360161425,7.614406457,53.300845199,327.419477652
FALSE,2018,CLINTON,903.3,3.5,1.973631854,0.610128127,0.037138234,0.190996631,0.201607555,3.156749874,48.290314879,51.908639945,5.9566787,1.136122319,6.891059673,12.847738373,2.909322574,1.337863665,4.353365895,7.262688469,48.375451264,6.360161393,31.514121894,79.889573158,0.633802817,0.481690141,0.476056338,0.394366197,0.625352113,0.783098592,0.56056338,1.211267606,5.166197183,0.163380282,0.197183099,0.673239437,0.281690141,0.383098592,0.461971831,0.329577465,1.371830986,3.861971831,14.164366107,42.62051391,29.953280951,13.261839032,-3506.588235294,6,6335888.01960784,3.2,136.301681054,90.867787369,45.433893685,98.885533314,88.195205388
FALSE,2018,COLES,1231.3,4.6,1.361427532,0.800723996,0.106238565,0.462334494,0.114108088,1.989022015,45.698321824,48.444785457,8.185750428,2.938055986,12.05419081,20.239941239,3.256345385,1.828123725,4.709050845,7.965396229,46.698767649,4.945727577,25.095894883,71.794662532,0.342935528,0.430228208,0.956062684,1.124412853,0.98100345,1.614914578,3.807623561,2.494076568,11.75125743,0.147566197,0.361641102,0.818888473,0.482188137,1.09739369,1.454877998,2.918069585,2.423411065,9.704036247,6.790173835,41.434750673,36.546151963,15.228923529,3751.411764706,4.9,5240922.01960784,1.9,75.744333741,38.843248072,7.768649614,116.529744217,427.275728796
TRUE,2018,COOK,3135,4.1,12.948901384,0.986801909,0.037877323,3.719789016,0.37784515,10.867408101,33.427153342,48.552676355,12.458375781,1.81203677,11.434643852,23.893019633,5.029624786,0.820235748,3.217756964,8.24738175,39.52159391,7.064671069,28.338004707,67.859598617,0.507219524,0.522264253,0.832948619,0.814011334,1.036762857,1.29262057,1.087054682,2.420858495,8.513740334,0.215667071,0.328200868,0.685089875,0.640928826,0.650115259,0.823664873,0.856771062,2.428254352,6.628692187,12.847713223,41.115689564,33.420340833,12.61625638,-17458.588235294,5.4,-354516810.980392,2.1,42.465103088,148.454455214,1.753323222,265.445428874,2.138668985
FALSE,2018,CRAWFORD,815.5,5.2,1.486988848,0.568242167,0.031864047,0.223048327,0.19118428,4.77960701,47.153478492,52.421667552,5.642941408,2.988596146,8.906802989,14.549744396,3.8733779,1.258356272,3.165552497,7.038930397,50.235941801,6.84231223,28.175383405,78.411325206,0.559778446,0.724765777,0.736550586,0.630487302,0.3771139,1.314006246,0.807259443,1.408284721,6.55824642,0.312297449,0.436037947,0.618702492,0.47728478,0.748335396,0.418360733,0.883860704,1.154911319,5.04979082,12.013370035,41.191506095,30.495477782,16.299646087,-3585.588235294,7.5,4392264.01960784,3.8,122.594744417,122.594744417,21.320825116,106.60412558,186.557219764
FALSE,2018,CUMBERLAND,682.7,3.9,0.490559052,0.536838208,0.018511662,0.222139948,0.083302481,0.277674935,49.148463532,49.777860052,3.544648943,3.476482618,8.350374915,11.895023858,2.624403545,0.102249489,2.147239264,4.771642808,52.385821404,6.987048398,30.947511929,83.333333333,0.382498367,0.643716765,0.67170445,0.764996735,0.970239761,1.707248811,0.895605933,1.679261125,7.715271947,0.317193768,0.42914451,0.522436794,0.475790652,1.026215132,0.42914451,0.578412165,2.509562459,6.287899991,9.781867757,45.807770961,27.130197682,17.280163599,968.411764706,4.5,7202919.01960784,3.7,73.807546822,83.033490174,0,27.677830058,64.581603469
TRUE,2018,DEKALB,1820.2,4.3,5.769101764,0.952572617,0.042166192,1.299485381,0.233830703,3.665583762,44.278335202,49.586483819,6.852780807,2.865866957,12.030534351,18.883315158,2.66521265,0.863685932,4.157033806,6.822246456,43.72519084,6.774263904,30.569247546,74.294438386,0.190656808,0.231007455,0.464032442,0.553812632,0.829205798,1.276089215,3.514541364,2.073014496,9.13236021,0.122060708,0.195700639,0.360129526,0.335919137,0.421664262,1.027932735,3.063622883,1.809726523,7.336756413,11.842966194,44.505997819,30.92257361,12.728462377,3817.411764706,4.8,3932188.01960784,2.6,125.699262117,123.780189412,11.514436224,201.502633927,13.433508928
FALSE,2018,DOUGLAS,871.2,4,3.875012848,0.621852194,0,0.34433138,0.215849522,0.390584849,48.519888992,49.475794018,3.888669562,2.427951046,9.19857876,13.087248322,3.375444137,1.559415713,2.704303198,6.079747335,48.006316621,8.487958942,32.826687722,80.833004343,0.680447446,0.458786535,0.577349348,0.623743492,0.752616114,0.953657405,0.530955204,1.525851848,6.103407392,0.355688438,0.293829579,0.407237486,0.72684159,0.360843342,0.335068818,0.293829579,2.309397392,5.082736224,10.659297276,42.874062377,32.431898934,14.034741413,-6790.588235294,7.4,6544543.01960784,5.4,463.62339515,229.264316283,50.947625841,137.55858977,178.316690442
FALSE,2018,DUPAGE,1255.1,3.2,7.328360189,1.024214691,0.028039994,6.109375388,0.193475956,2.442822678,40.29756904,49.150442115,6.382756226,0.956221295,6.450101646,12.832857872,3.011302318,0.359733295,2.024545523,5.035847841,46.503057733,8.381367488,35.628236554,82.131294287,0.262341479,0.264192021,0.405704022,0.399281554,0.484950743,0.54188211,0.428672509,1.004190932,3.79121537,0.111359059,0.17928482,0.330049529,0.280084907,0.300658575,0.36564524,0.393838785,1.018995265,2.979916181,15.507851388,46.477123472,28.04790309,9.96712205,-28142.588235294,5.5,-75049462.9803922,1,68.442876067,59.281231239,3.772441988,82.347019394,2.586817363
FALSE,2018,EDGAR,1679.2,4.6,0.570276498,0.455069124,0.023041475,0.144009217,0.138248848,0.34562212,48.381336406,49.038018433,9.103182257,2.545805207,10.318225651,19.421407907,2.410800386,1.215043394,5.053037608,7.463837994,48.81388621,5.380906461,24.300867888,73.114754098,0.638903409,0.423999535,1.277806819,0.696985538,0.772492304,0.528547366,1.022245455,1.196491839,6.557472266,0.081314979,0.313643492,0.859615496,0.946738689,0.615670558,0.418191323,0.37172562,2.178079805,5.784979962,8.486017358,39.807135969,34.117647059,17.589199614,2562.411764706,4,6790143.01960784,1.6,351.061962436,0,105.318588731,157.977883096,561.699139898
FALSE,2018,EDWARDS,435.9,4.4,0.861124158,0.532331298,0,0.140911226,0.187881635,0.281822452,48.677000157,49.303272272,4.756814538,4.382683057,9.139497595,13.896312133,2.244788883,0.427578835,1.068947087,3.31373597,54.783538215,4.917156601,28.006413683,82.789951897,0.530090427,0.685999376,0.545681322,0.296227003,0.608044902,0.85749922,0.873090115,1.465544122,5.862176489,0.280636109,0.124727159,0.701590271,0.654817587,0.389772373,0.561272217,0.280636109,1.418771437,4.412223262,9.94120791,44.78888295,32.549438803,12.720470337,4415.411764706,3.1,7266954.01960784,-2.9,249.066002491,140.099626401,15.566625156,62.266500623,186.799501868
FALSE,2018,EFFINGHAM,1610.2,3.7,1.167315175,0.441765893,0.002925602,0.336444223,0.137503291,0.342295427,49.044790966,49.890289927,5.760905761,1.720501721,6.771006771,12.531912532,2.297702298,1.40970141,5.328005328,7.625707626,50.138750139,7.170607171,29.703629704,79.842379842,0.414245269,0.327819997,0.771867084,0.479809268,0.613917449,1.451348532,0.384443451,1.892415437,6.335866488,0.131127999,0.19967218,0.321859633,0.962598719,0.479809268,0.441066905,0.473848905,2.27983907,5.289822679,14.563214563,42.601842602,29.692529693,13.142413142,-5852.588235294,6,5504798.01960784,4.1,344.411409732,335.580347944,100.085366931,223.720231963,641.723823261
FALSE,2018,FAYETTE,1344.7,5.1,1.272931486,0.683264695,0.00935979,0.154436541,0.154436541,4.310183452,48.132721827,52.779857731,5.946048632,2.051671733,7.294832827,13.240881459,3.91337386,0.474924012,4.578267477,8.491641337,54.255319149,4.274316109,24.012158055,78.267477204,0.543122957,0.523007292,0.769424189,0.799597687,1.287402565,1.2672869,0.744279608,2.997234096,8.931355293,0.181040986,0.33693739,1.528790546,0.658788031,0.819713352,1.181795323,1.151621825,3.067638924,8.926326377,9.878419453,36.34118541,31.952887538,21.827507599,9290.411764706,5.7,6947743.01960784,4.8,258.768079109,46.208585555,97.038029666,184.834342221,300.355806109
FALSE,2018,FORD,1006.7,4.6,1.816530427,0.666061157,0.007568877,0.204359673,0.21192855,0.756887678,48.138056312,49.356645474,4.852495175,2.812241522,13.096222774,17.948717949,3.032809484,0.799558864,2.426247588,5.459057072,48.552522746,7.775020678,28.039702233,76.592224979,0.369458128,0.269396552,0.646551724,0.792795567,1.662561576,0.7466133,0.939039409,3.517549261,8.943965517,0.138546798,0.377155172,0.46182266,0.600369458,1.10067734,0.538793103,0.523399015,3.078817734,6.819581281,12.682657844,42.70747174,32.065067549,12.544802867,-8132.588235294,6.3,6758147.01960784,5,244.051250763,305.064063453,15.253203173,106.772422209,0
TRUE,2018,FRANKLIN,1840.9,6.1,0.863160615,0.708101822,0.00775294,0.155058793,0.165396046,0.335960718,48.649696343,49.334539346,8.99820036,3.209358128,11.607678464,20.605878824,3.169366127,1.799640072,4.189162168,7.358528294,49.610077984,4.079184163,22.425514897,72.035592881,0.719987478,0.563468461,1.134762874,1.312151093,1.588668023,1.492147963,1.179109929,2.634736787,10.625032608,0.357385089,0.286951531,1.273021339,1.338237596,0.712161528,0.9182449,0.941722753,3.156466844,8.984191579,7.378524295,33.723255349,34.763047391,24.135172965,7391.411764706,4.4,6298798.01960784,10.5,284.002891666,43.891355985,28.400289167,170.401734999,201.383868636
FALSE,2018,FULTON,1017.7,6.1,2.45765145,0.531151306,0.011484353,0.166523112,0.519666954,3.674992822,47.616996842,52.038472581,5.380915091,2.282134467,11.477793937,16.858709028,3.613379573,1.577357646,5.772457769,9.385837342,51.437520976,4.004922251,22.317932655,73.75545363,0.475464797,0.493751905,0.548613228,1.222188357,1.508686376,1.328863151,1.283145383,2.325510515,9.186223712,0.152392563,0.344407193,0.646144468,1.078939348,0.923498933,0.765010667,0.81987199,2.584577873,7.314843036,7.036581273,37.621657904,34.254390871,21.087369952,6385.411764706,6.4,6629222.01960784,4.5,394.983422229,83.609629523,25.947816059,135.50526164,126.855989621
FALSE,2018,GALLATIN,1482.7,5.6,1.0703667,0.634291378,0,0.099108028,0.237859267,0.475718533,48.007928642,48.880079286,7.794676806,4.942965779,15.209125475,23.003802281,5.386565272,0.253485425,1.837769328,7.224334601,45.627376426,7.351077313,24.144486692,69.771863118,0.895464279,0.253065992,1.109597041,0.81759782,0.953864123,2.647459607,0.914930894,3.503990656,11.095970411,0.097333074,0.642398287,0.837064434,1.674128869,1.323729803,0.622931672,0.116799689,3.15359159,8.467977419,3.675538657,37.452471483,40.937896071,17.93409379,144.411764706,1.8,7270055.01960784,-6.6,60.108194751,0,40.072129834,0,60.108194751
FALSE,2018,GREENE,1175.3,4.8,0.742441638,0.420972063,0.007654038,0.145426713,0.137772675,1.109835438,48.970531956,50.386528894,6.682721252,0.541842264,7.645996388,14.32871764,3.792895846,1.384708007,4.966887417,8.759783263,51.986754967,5.809753161,24.92474413,76.911499097,0.889860276,0.2888143,0.991335571,0.733744438,1.241120912,1.225509328,0.710327063,1.951447974,8.032159863,0.359066427,0.085863711,0.90547186,1.303567247,0.757161814,0.304425884,0.874248693,1.803137928,6.392943564,9.000602047,39.343768814,33.925346177,17.730282962,7834.411764706,7.2,7169668.01960784,8.3,176.67844523,99.861729912,76.816715317,553.080350284,192.041788293
FALSE,2018,GRUNDY,843.9,4.8,5.289074608,0.665057972,0.023541875,0.400211877,0.17460224,0.916171306,48.298118612,49.849920546,7.167995403,1.616031028,6.672412555,13.840407958,1.71658407,2.33426704,4.007756949,5.724341018,46.319040437,6.744236156,34.116210587,80.435251023,0.444506738,0.206235108,0.386440542,0.572652824,0.710810324,0.616703041,0.656748694,1.503714234,5.097811505,0.30034239,0.324369782,0.224255651,0.562641411,0.360410868,0.480547825,0.282321847,1.155317061,3.690206836,14.328808446,42.354377648,30.23773612,13.079077785,-6910.588235294,4.4,4400827.01960784,-1.1,11.913507932,53.610785696,25.81260052,131.048587257,1.985584655
FALSE,2018,HANCOCK,871.1,4.6,0.830154813,0.493605564,0.044873233,0.196320395,0.173883778,0.308503478,48.95669733,49.691496522,5.627962085,0.987361769,6.832543444,12.460505529,3.515007899,0.868878357,3.060821485,6.575829384,56.654818325,4.561611374,24.308846761,80.963665087,0.838269811,0.54766961,0.799150553,0.402369509,0.838269811,0.815915949,1.028277635,1.838605119,7.108527998,0.290600201,0.195596289,0.665027383,0.625908126,0.296188667,0.374427182,0.301777132,2.05655527,4.80608025,6.338862559,41.844391785,30.746445498,21.070300158,-1334.588235294,6,6863536.01960784,6.5,11.239743734,22.479487468,0,39.339103068,207.935259076
FALSE,2018,HARDIN,701.6,7.6,0.950423838,0.539429746,0.051374261,0.231184177,0.282558438,0.256871307,49.576162343,50.449524788,7.607497244,0.882028666,4.189636163,11.797133407,4.520396913,0.33076075,3.528114664,8.048511577,60.308710033,2.425578831,19.845644983,80.154355017,0.255427842,1.098339719,1.251596424,2.14559387,1.047254151,1.149425287,1.098339719,2.605363985,10.651340996,0.434227331,0.766283525,0.766283525,1.021711367,0.357598978,0.255427842,0.561941252,1.558109834,5.721583653,9.261300992,31.64277839,29.878721058,29.217199559,7591.411764706,1.4,7441041.01960784,-0.4,200.451014783,125.28188424,25.056376848,300.676522175,400.902029567
FALSE,2018,HENDERSON,44.8,4.9,0.86605943,0.552486188,0.044796177,0.089592355,0.16425265,0.194116769,48.45453188,48.96222189,4.245754246,1.848151848,7.742257742,11.988011988,3.746253746,0.699300699,2.347652348,6.093906094,57.392607393,3.746253746,24.525474525,81.918081918,0.322533353,0.102624249,0.952939452,0.381175781,0.322533353,0.879636417,0.908957631,1.466060695,5.336460929,0.322533353,0.234569711,0.234569711,0.425157602,0.19058789,0.219909104,0.498460636,0.733030347,2.858818355,9.240759241,41.558441558,30.969030969,18.231768232,2795.411764706,0.7,7345693.01960784,-10,0,0,0,0,0
FALSE,2018,HENRY,1474.9,4.9,3.124172084,0.754040229,0.016303573,0.199718763,0.150808046,1.14532597,48.285067966,49.827793515,5.229189586,1.70883755,6.791345801,12.020535387,2.449578291,0.828749542,3.806380638,6.255958929,51.983865053,5.075174184,29.739640631,81.723505684,0.534803357,0.396988646,0.637650156,0.608853052,0.641764028,0.868026987,0.798091163,1.991114037,6.477291427,0.164554879,0.250946191,0.565657397,0.372305414,0.606796117,0.621194668,0.802205035,2.036366628,5.420026329,10.781078108,41.356802347,29.240924092,18.621195453,-325.588235294,2.3,6109841.01960784,-4.3,149.119581648,163.418719614,10.213669976,71.495689831,106.222167749
FALSE,2018,IROQUOIS,1367.1,4.3,3.714888662,0.720419153,0.010915442,0.229224276,0.19283947,0.70222675,47.922427594,49.086741377,6.691028226,1.449092742,6.262600806,12.953629032,3.440020161,2.268145161,4.674899194,8.114919355,51.990927419,4.183467742,26.940524194,78.931451613,0.431315694,0.572671258,0.942370424,0.677781805,0.692279812,1.167089525,0.989488945,2.181949982,7.654947445,0.445813701,0.340703153,0.601667271,0.71040232,0.6669083,0.819137369,0.703153316,2.007973904,6.295759333,11.529737903,43.409778226,30.330141129,14.730342742,1488.411764706,4.7,6490362.01960784,-1.9,90.895869692,65.445026178,79.988365329,141.797556719,90.895869692
TRUE,2018,JACKSON,2791.9,4.5,2.262214387,1.41039292,0.045383931,1.818848295,0.258339297,6.98563424,40.468501807,49.690167397,7.229301916,4.023403062,13.833453555,21.06275547,4.231786487,1.210226817,3.582591969,7.814378456,49.03422297,5.65039673,22.088643103,71.122866074,0.539704176,0.438394518,1.060988414,0.757059441,1.182560003,1.862255706,5.789386432,2.753780692,14.384129382,0.19525134,0.379450717,0.819687229,0.677853709,0.920996887,1.967249351,5.373095839,2.770358636,13.103943709,7.614009778,35.649595255,38.198284844,18.538110123,7462.411764706,5.1,4740837.01960784,5.4,237.274632398,93.52430766,31.17476922,197.440205061,183.584752074
FALSE,2018,JASPER,420.3,4.9,0.727348296,0.342892768,0,0.08312552,0.114297589,0.197423109,49.501246883,49.906483791,3.580146461,0.569568755,6.346623271,9.926769731,2.156224573,0.203417413,1.545972335,3.702196908,56.265256306,6.875508544,30.105777055,86.37103336,0.971288291,0.309531433,0.992635287,0.960614793,0.821859323,1.30216672,0.288184438,2.18806703,7.834347316,0.640409862,0.23481695,1.291493222,0.661756858,0.341551927,0.587042374,0.320204931,1.142064254,5.219340378,12.327095199,40.154597234,28.030919447,19.48738812,-1214.588235294,8.3,6978476.01960784,4.7,73.560319462,10.508617066,10.508617066,10.508617066,157.62925599
TRUE,2018,JEFFERSON,3474.8,5.2,1.744987801,0.946748701,0.0185637,0.548955129,0.180333086,5.468335632,45.165482126,51.413493158,7.38590057,3.7999185,10.411572942,17.797473513,3.47392013,1.823553382,5.022412388,8.496332518,49.266503667,4.421352893,24.439690302,73.706193969,0.529204785,0.526389866,0.729064039,0.892329346,1.131597467,1.762139338,1.187895848,3.66783955,10.426460239,0.219563688,0.413793103,0.557353976,0.937368051,0.641801548,1.03026038,0.66713582,3.467980296,7.935256861,9.270578647,36.460880196,35.931132844,18.337408313,5165.411764706,5,5851276.01960784,0.9,255.734247298,39.546533087,44.819404166,247.82494068,445.557606117
FALSE,2018,JERSEY,1179.7,4.8,0.688231246,0.591878871,0.022941042,0.160587291,0.21564579,0.422115164,47.864189034,48.722183987,5.65782807,1.19912177,7.02584023,12.683668299,2.56713393,0.236446546,1.384901199,3.952035129,52.085796318,5.47204864,31.278500253,83.364296572,0.255815055,0.530579374,0.554265953,0.601639111,0.596901795,0.942725852,0.810081008,1.463830594,5.755838742,0.487943531,0.270027003,0.298450898,0.232128476,0.374247951,0.345824056,0.502155479,0.942725852,3.453503245,10.572538423,47.120418848,25.85711873,16.449923999,3224.411764706,4.5,7044643.01960784,1.8,405.511266762,202.755633381,87.55356896,502.281000876,225.796046265
FALSE,2018,JO DAVIESS,1147.3,4.3,1.668932539,0.595377619,0.032816089,0.210960574,0.18752051,0.393793071,49.200693826,50.044536121,4.435159891,1.076651133,5.543949863,9.979109754,2.072955166,0.851679254,2.555037763,4.627992929,61.079865017,4.756548289,24.3130323,85.392897316,0.666142388,0.420964981,0.823426007,0.342323172,0.50423278,0.638386455,0.638386455,1.00846556,5.042327798,0.360827127,0.157283619,0.249803395,0.582874589,0.397835037,0.157283619,0.342323172,1.036221492,3.284452052,10.846858428,42.744656918,27.23766672,19.170817933,-4314.588235294,5.7,6727526.01960784,0.8,449.564484406,318.441509787,23.414816896,145.171864756,163.903718273
FALSE,2018,JOHNSON,1071,7.4,2.197536827,0.539322225,0.024148756,0.128793367,0.273685905,6.850197215,47.291314497,54.608387668,5.788096795,0.425114454,7.226945716,13.015042511,3.270111184,1.635055592,2.975801177,6.245912361,60.431654676,3.891432309,20.307390451,80.739045128,0.514263536,0.999417815,0.824762274,0.572482049,0.582185135,1.125557927,0.815059189,1.75625849,7.189986416,0.640403648,0.426935766,0.698622162,0.359014167,0.426935766,0.310498739,0.465748108,1.232291869,4.560450223,4.480052322,36.756049706,32.079790713,26.68410726,8790.411764706,4.4,7319783.01960784,0.6,54.326736515,23.282887078,0,31.043849437,23.282887078
FALSE,2018,KANE,1178.1,4.8,16.450105121,0.962794714,0.04186064,2.060181709,0.541935726,2.964033639,44.137820994,49.797266857,6.649779301,1.351494835,8.626207775,15.275987077,3.361293552,1.020826065,3.455336964,6.816630516,41.870553794,7.427912691,36.036828613,77.907382408,0.259870008,0.300289994,0.436230798,0.417164767,0.805921147,0.810306334,0.618502058,1.935202186,5.583487292,0.093423554,0.183605882,0.412398259,0.375028837,0.477794747,0.447098436,0.410682316,1.984392547,4.384424578,16.817843979,44.297480547,28.217573983,10.667101491,-6586.588235294,5.2,-14300088.9803922,1.7,55.138744033,75.325131679,1.68219897,105.978535141,1.68219897
TRUE,2018,KANKAKEE,2189.8,5.4,5.606031668,1.015888607,0.023646467,0.517493838,0.213727684,7.327676371,41.088465071,49.232854038,8.035208341,2.45173964,11.922481206,19.957689547,3.218616599,1.34109025,3.486834649,6.705451249,46.443277549,4.435042122,26.893581655,73.336859204,0.464714553,0.617741769,0.7933006,0.850568454,0.888121145,1.223278913,1.036454275,2.278509534,8.152689242,0.30699325,0.41026315,0.676887257,0.715378766,0.635579297,0.62431349,0.670315536,2.635260099,6.674990847,11.355823354,39.152279853,33.361036606,16.130860187,3456.411764706,4.3,3176147.01960784,0.1,71.827834207,69.065225199,9.208696693,184.173933863,8.287827024
FALSE,2018,KENDALL,998.5,3.6,9.853034443,1.062505383,0.032885207,1.495493944,0.259949733,3.799024406,43.936202698,49.576015722,5.4465208,0.876451623,7.844242026,13.290762826,4.526246596,0.212852537,3.152095658,7.678342254,38.416752747,7.427927505,40.614142173,79.03089492,0.129022893,0.264496932,0.156440258,0.262884146,0.304816586,0.628986606,0.442709803,0.84187438,3.031231604,0.113701425,0.088703239,0.271754469,0.11773339,0.187889589,0.243530711,0.270141683,0.995895459,2.289349967,16.486681066,46.361160672,29.404951952,7.74720631,-4286.588235294,4.4,4636197.01960784,1.1,25.139840362,29.85356043,0.785620011,18.854880272,0
TRUE,2018,KNOX,2484.9,5.2,3.30745528,1.34459162,0.014006163,0.430189283,0.25811357,5.37036296,44.401536676,50.520228901,7.622259696,1.408094435,10.337268128,17.959527825,3.153456998,1.020236088,4.013490725,7.166947723,50.935919056,4.772344013,23.937605396,74.873524452,0.640478224,0.574295474,0.770708796,1.099487617,1.125106746,1.614005124,1.349274125,2.403928266,9.577284372,0.175064048,0.19000854,0.909479078,0.913748933,0.74295474,0.956447481,1.564901793,3.112724167,8.565328779,6.146711636,38.524451939,36.07925801,19.249578415,5275.411764706,4.4,5795773.01960784,-0.7,171.649834338,185.621332482,23.951139675,151.690551275,227.535826913
FALSE,2018,LAKE,1332.9,4.4,11.343692779,1.101221149,0.049457752,3.999931388,0.440259753,3.641577102,41.751204639,49.966337282,5.989341145,1.549822074,8.157310003,14.146651148,2.6769654,0.427690748,2.788900089,5.465865489,43.311484722,7.242341384,37.075998641,80.387483363,0.251416678,0.298202043,0.468145142,0.436809151,0.601796791,0.613019449,0.584744182,1.343658178,4.597791614,0.113392566,0.16746537,0.388857796,0.355481321,0.426606735,0.352129098,0.476015578,1.379075136,3.6590236,15.286046032,44.846827682,30.130479092,9.736647194,-33812.588235294,6,-52559883.9803922,2.4,113.374475607,63.112743348,4.854826411,85.245040224,2.427413206
FALSE,2018,LASALLE,1359.8,5.7,5.295944448,0.715470094,0.014657518,0.344451671,0.21070182,2.05938127,47.752361235,50.40720417,8.432593395,2.0438549,9.985787764,18.418381159,3.779778018,1.340010828,3.542907417,7.322685436,48.490795885,5.728884678,25.76813752,74.258933406,0.440207486,0.299079396,0.717790551,0.759848591,0.989765877,1.285106781,0.897238189,2.472078134,7.861115005,0.204682462,0.249544371,0.653301556,0.602831908,0.596289546,0.600028039,0.447684471,2.297303612,5.651665966,12.029642664,38.342582566,33.605170547,16.022604223,114.411764706,4.7,2148244.01960784,0.7,136.619537511,176.046652363,2.750728943,243.897966294,11.002915773
FALSE,2018,LAWRENCE,137.6,5.7,3.13665971,0.550180231,0.025295643,0.347815089,0.252956428,9.656611649,45.664959211,55.947638019,8.823529412,3.524550316,7.997083131,16.820612543,1.993193972,3.062712688,5.979581915,7.972775887,47.47204667,8.021390374,27.7345649,75.20661157,0.181185679,0.616031309,0.652268445,0.674010726,1.333526598,1.413248297,1.492969996,2.949702855,9.312943905,0.094216553,0.188433106,0.48557762,0.550804464,1.60892883,0.753732425,0.847948978,2.840991448,7.370633425,9.333981526,35.683033544,38.356830335,16.626154594,14835.411764706,4.4,7035805.01960784,-1,12.507035207,6.253517604,0,0,6.253517604
FALSE,2018,LEE,1257.4,4.3,3.880919058,0.746442734,0.029157919,0.381968743,0.224515979,4.811056683,47.594471659,53.079076277,5.028854081,2.767636321,8.915322106,13.944176187,1.637027441,0.859733836,2.767636321,4.404663762,53.527264162,6.724767401,28.12389589,81.651160052,0.684624736,0.575852582,0.575852582,0.726214089,0.60144603,0.873376416,0.879774778,1.126111715,6.043252927,0.28472711,0.153560688,0.595047668,0.579051763,0.396698445,0.703819822,0.700620641,1.39484292,4.808369058,10.858556118,44.140855023,28.748086209,16.25250265,2958.411764706,4.3,6038400.01960784,4.3,164.522004818,334.919795523,5.875785886,249.72090017,38.192608261
FALSE,2018,LIVINGSTON,1082.4,4.3,2.629221034,0.92120737,0.008400067,0.459203674,0.145601165,2.539620317,46.945175561,50.142801142,7.61362438,3.458821048,10.19719498,17.810819361,3.80681219,2.109037225,5.757671623,9.564483813,47.558789413,4.65042708,25.065907413,72.624696826,0.775765442,0.33036399,0.575187305,1.144475252,0.834759011,1.244764321,0.879004189,2.10312076,7.887440269,0.19467878,0.203527815,0.713822193,0.793463512,0.569287948,0.616482803,0.530942127,2.294849861,5.917055041,10.344827586,40.261520616,35.410734999,13.982916798,-28.588235294,4.7,5792859.01960784,-0.6,93.775955845,93.775955845,50.906947459,308.120997776,29.472443266
FALSE,2018,LOGAN,1259.8,4.6,2.282789153,0.854316547,0.013835086,0.377006087,0.242114001,5.361095739,44.770337576,50.802434975,5.263157895,1.231490984,5.849582173,11.112740067,3.298636564,1.685969799,4.339539657,7.63817622,50.432487905,7.095733763,30.816595807,81.249083712,0.489727664,0.230928492,0.549450549,0.473801561,0.382226469,0.648988692,0.724637681,1.389552477,4.889313585,0.059722886,0.159261029,0.378244943,0.513616818,0.585284281,0.469820035,0.262780698,1.214365345,3.643096034,10.203782437,43.204808679,30.46474124,16.126667644,6407.411764706,6.7,6435907.01960784,5.2,79.384254306,37.966382494,10.354467953,144.962551341,0
FALSE,2018,MCDONOUGH,1333.8,4.9,1.434098186,0.847118463,0,1.207310566,0.163420491,2.611392743,44.917289221,48.942769477,3.594771242,2.712418301,9.624183007,13.218954248,0.506535948,0.506535948,3.709150327,4.215686275,55.081699346,7.598039216,27.483660131,82.565359477,0.590869055,0.333969466,0.708308867,0.851438638,1.064298297,1.607457428,5.68115091,1.258807986,12.096300646,0.139459777,0.117439812,0.645918967,0.664268937,0.748678802,1.442307692,4.440692895,1.699207281,9.897974163,7.140522876,43.496732026,30.816993464,18.545751634,6054.411764706,4.1,6396336.01960784,0,203.679369251,384.362680683,16.425755585,164.257555848,88.699080158
FALSE,2018,MCHENRY,927.6,3.6,6.920983225,0.800646227,0.027574931,1.348251912,0.262448459,0.928464141,47.160917564,49.764964266,5.552962019,0.920506099,6.86369567,12.416657689,2.914736477,0.682299709,2.748351109,5.663087586,46.149794712,6.714068541,35.770460014,81.920254725,0.20295662,0.202301921,0.386272276,0.37874324,0.495606971,0.601340823,0.390527818,1.090728156,3.748477825,0.127666261,0.143051682,0.385290228,0.331277579,0.403294444,0.292977701,0.302798183,1.351952966,3.338309044,15.623466322,47.577836033,26.248189512,10.550508134,-10973.588235294,5.1,-2694676.98039216,0.7,59.133531312,74.079368896,2.599276102,81.227378175,4.873642691
FALSE,2018,MCLEAN,1728.4,4.1,2.557856273,1.209326605,0.029580651,2.714459718,0.147903254,3.983527638,41.668696711,48.595789107,5.617894217,1.890756303,8.603559071,14.221453287,2.654473554,0.494315373,2.857142857,5.511616411,46.576866041,8.672763223,33.690064261,80.266930302,0.461274664,0.283768445,0.521650929,0.406332263,0.568744415,0.952133697,3.542275461,1.313183761,8.049363634,0.163619678,0.248146449,0.407539788,0.348371048,0.498707948,0.736590432,2.812930181,1.354239621,6.570145145,10.170538804,47.224419179,29.579831933,13.025210084,-4433.588235294,4.1,-4255740.98039216,-0.2,55.265974775,108.786708242,2.908735514,205.938474426,13.380183367
TRUE,2018,MACON,2911.6,5.5,1.171247034,1.483196815,0.026793233,0.53108015,0.14736278,8.207341346,38.909515425,47.885248412,9.125247765,3.186357007,13.328845507,22.454093272,3.46684618,0.905045065,3.291072965,6.757919144,48.229178354,4.218557164,22.55880923,70.787987584,0.447764093,0.387544194,0.969346128,0.719724931,0.85570535,1.557947084,1.319010063,2.917751272,9.174793116,0.210769649,0.321496562,0.879016279,0.385601616,0.728466529,0.864446948,0.672131784,2.930378026,6.992307393,8.545570141,40.210927858,32.693818019,18.549683982,-3467.588235294,6.1,1023272.01960784,4.6,260.872058023,82.179476154,0.955575304,204.49311508,64.023545375
FALSE,2018,MACOUPIN,1600.6,4.8,0.606822896,0.558277064,0.026479545,0.141224238,0.183150183,0.503111346,48.574517852,49.443929564,7.40303674,1.502635513,8.095350484,15.498387224,2.887263001,0.983400205,3.603178349,6.49044135,50.586106522,4.138148061,27.425064904,78.011171426,0.338117737,0.313486643,0.698627376,0.644886809,0.958373452,1.540562932,0.855370698,2.496697194,7.846122842,0.129873038,0.230636602,0.638169238,0.485904297,0.667278712,0.792673369,0.570993529,1.995118565,5.51064735,9.369837149,39.792305877,32.648886791,18.188970183,3139.411764706,7,6383660.01960784,6.1,13.356484573,44.521615244,6.678242287,91.269311251,64.556342104
TRUE,2018,MADISON,2131.6,4.4,1.737328899,1.040427837,0.034466303,0.450334437,0.165892753,4.071568709,43.919159477,48.69482551,8.351013928,2.147651007,9.732265281,18.083279209,3.741069496,0.714440355,3.362921267,7.103990763,46.44295302,6.484809122,28.369777008,74.812730028,0.374766974,0.463740429,0.698691975,0.783813764,0.883957046,1.345771643,1.136241083,1.923521346,7.61050426,0.114394441,0.215308056,0.593156362,0.537692391,0.682514983,0.788050595,1.046497296,2.133437072,6.111051196,11.431045681,41.310528975,31.14959948,16.108825864,-2143.588235294,5.2,-3746880.98039216,4.6,152.850684225,73.960008496,47.789543951,298.874290742,207.846587978
TRUE,2018,MARION,3181.9,4.8,1.185094032,0.995157968,0.018726091,0.256814959,0.216687622,2.220379337,46.108985848,48.880447286,7.345132743,3.992133727,12.979351032,20.324483776,4.523107178,1.150442478,3.933136676,8.456243854,48.613569322,4.277286136,22.605703048,71.21927237,0.407810517,0.572555162,1.042482513,0.775110055,1.269343992,1.385475464,1.515110595,3.265184865,10.233073163,0.11343074,0.259270262,0.864234207,0.648175656,0.680584438,0.920949577,0.799416642,3.386717801,7.672779323,10.068829892,37.915437561,33.608652901,18.407079646,1687.411764706,7,6174358.01960784,6.6,221.185876083,21.319120586,98.600932712,247.834776815,373.08461026
FALSE,2018,MARSHALL,995.2,5.1,1.532700514,0.53992859,0.008708526,0.20029609,0.252547244,0.470260385,48.55003048,49.516676827,4.69151671,3.341902314,7.519280206,12.210796915,3.213367609,1.124678663,2.377892031,5.59125964,58.033419023,5.269922879,24.164524422,82.197943445,0.640182408,0.456020346,0.657721652,0.570025432,0.73664825,1.140050864,0.798035605,2.060861177,7.059545734,0.166622819,0.114005086,0.657721652,0.280627905,0.456020346,0.640182408,0.254319039,1.525914233,4.095413488,11.568123393,37.435732648,31.973007712,19.023136247,-1268.588235294,5.1,7143084.01960784,-3.2,77.881619938,34.614053306,8.653513326,95.188646591,17.307026653
FALSE,2018,MASON,1670.7,5.8,0.687209045,0.628094288,0.007389345,0.169954925,0.184733614,0.465528708,48.392817557,49.27214956,5.571540675,2.56343186,11.169238818,16.740779493,3.766675386,1.438660738,3.478943238,7.245618624,51.713314151,4.263667277,24.300287732,76.013601883,0.443885478,0.310719834,1.065325146,0.843382407,1.065325146,1.161500333,1.065325146,2.123252201,8.078715691,0.429089295,0.384700747,0.754605312,0.932159503,0.924761412,0.503070208,0.843382407,2.537545313,7.309314197,9.390530997,36.385037928,35.678786293,18.545644782,2236.411764706,6.2,6968943.01960784,-0.3,59.140977305,66.533599468,7.392622163,96.10408812,184.815554077
TRUE,2018,MASSAC,3826,6.9,1.526064323,1.140982671,0.014262283,0.263852243,0.249589959,2.980817229,44.384225915,47.949796762,5.806783145,3.340184995,9.583761562,15.390544707,3.87975334,1.952723535,4.110996917,7.990750257,47.867420349,4.393627955,28.751284687,76.618705036,0.719881431,1.312724963,1.03747618,1.044533841,1.065706825,1.510339473,0.790458042,3.048909591,10.530030348,0.381113699,0.557555226,0.691650787,0.988072553,0.64930482,0.931611264,0.77634272,2.491354365,7.467005434,7.297019527,35.91983556,31.140801644,25.642343268,6386.411764706,3.1,6856432.01960784,0.8,247.524752475,169.73125884,56.57708628,247.524752475,509.193776521
FALSE,2018,MENARD,808,4,0.773049068,0.773049068,0.008137359,0.113923021,0.179021889,0.488241517,47.847668647,48.71022866,5.818082491,1.256487299,7.784758263,13.602840754,2.321770008,2.239825184,4.370390604,6.692160612,51.515979241,5.654192843,28.189019394,79.704998634,0.411895543,0.222423593,0.543702117,0.238899415,0.832028997,0.749649889,0.321278524,1.861767856,5.181645935,0.032951643,0.255375237,0.766125711,0.18947195,0.494274652,0.28832688,0.230661504,2.141856825,4.399044402,10.789401803,44.168260038,29.035782573,16.006555586,-2486.588235294,7.5,7257624.01960784,15.3,0,24.734108335,0,32.978811114,74.202325006
FALSE,2018,MERCER,718.9,5.1,1.189634107,0.630184554,0.012860909,0.18005273,0.173622275,0.456562279,48.980772941,49.829592952,3.978661925,3.645254501,7.868415203,11.847077128,2.267170482,1.222493888,3.578573016,5.845743499,54.012002667,3.623027339,28.295176706,82.307179373,0.142321128,0.439901669,0.601630224,0.485185664,0.536938802,1.229137016,1.106223315,2.141286065,6.682623884,0.200543408,0.342864536,0.879803338,0.381679389,0.355802821,0.420494242,0.232889119,1.901927804,4.716004658,11.802622805,39.831073572,29.695487886,18.670815737,-299.588235294,2.8,7142904.01960784,-4,181.347150259,129.533678756,19.430051813,58.29015544,103.626943005
FALSE,2018,MONROE,715.4,3.4,0.765135426,0.509120531,0.014546301,0.197829692,0.125098188,0.212375993,49.102493236,49.684345271,4.812194879,1.155723822,4.373816878,9.186011757,3.31772442,0.617714457,2.839493873,6.157218292,49.158114975,6.794859022,35.498654977,84.656769951,0.400926586,0.403896412,0.427655025,0.320741269,0.291043003,0.409836066,0.089094797,0.801853172,3.145046329,0.163340461,0.317771442,0.255405084,0.08612497,0.332620575,0.237586125,0.163340461,0.267284391,1.823473509,11.716648401,50.383580751,23.433296802,14.466474046,-13939.588235294,6.5,6623461.01960784,4.6,43.980531285,35.184425028,20.524247933,96.757168827,49.844602123
TRUE,2018,MONTGOMERY,2022.2,5.8,1.157157297,0.435676693,0.024397895,0.21609564,0.125474888,3.297201213,48.698198041,52.389250985,7.394843962,1.166892809,8.03256445,15.427408412,3.717774763,1.818181818,3.392130258,7.10990502,56.417910448,3.622795115,21.044776119,77.462686567,0.470707228,0.322881817,1.205944138,0.805259472,0.824710184,1.377110402,0.715786198,3.326071734,9.048471174,0.24507897,0.427915662,0.65354392,0.739127052,0.470707228,0.762467906,0.770248191,2.824243367,6.893332296,7.734056988,40.949796472,31.601085482,19.715061058,7029.411764706,7.9,6222021.01960784,4,284.370172729,140.429714928,3.510742873,217.666058138,273.837944109
TRUE,2018,MORGAN,2172.8,4.3,1.545831252,0.955123872,0.038204955,0.399682605,0.290945426,4.890234226,44.976048432,50.648014812,7.246376812,2.723235157,12.155212716,19.401589528,3.27255727,0.841514727,3.214118747,6.486676017,50.38569425,5.095839177,23.726040206,74.111734455,0.316220838,0.471104514,0.554999839,0.971249718,1.206801975,1.058371785,0.790552096,2.845987545,8.21528831,0.080668581,0.419476622,0.619534704,0.587267271,1.084185731,0.542092866,1.232615921,1.797295989,6.363137685,7.737260402,42.21598878,34.677419355,15.369331463,3387.411764706,7.7,6100860.01960784,5.9,131.685272199,53.871247718,0,149.642354772,158.620896058
FALSE,2018,MOULTRIE,1184.9,3.8,0.785090115,0.525669033,0.020480612,0.143364282,0.129710541,0.307209175,48.429819771,49.057891862,3.594936709,0.936708861,7.037974684,10.632911392,1.898734177,0.632911392,1.46835443,3.367088608,52.050632911,9.113924051,33.949367089,86,0.513318535,0.242785794,0.284406215,0.520255272,0.360710322,0.728357381,0.610432852,1.57463929,4.83490566,0.201165372,0.166481687,0.339900111,0.749167592,0.166481687,0.332963374,0.617369589,1.754994451,4.328523862,9.873417722,45.46835443,32.253164557,12.405063291,-17971.588235294,8.7,6853935.01960784,11.1,41.093075817,109.581535511,6.848845969,61.639613725,20.546537908
FALSE,2018,OGLE,815.7,4.9,5.246056596,0.710895807,0.037415569,0.293416829,0.200862527,0.697111124,48.315314783,49.583505642,5.678409487,1.785838856,8.803627485,14.482036972,2.908964074,0.969654691,4.080920823,6.989884897,50.624346006,4.687826997,27.903732124,78.52807813,0.550691336,0.299116517,0.427875282,0.721049087,0.725010895,0.61606117,0.691335526,1.636226774,5.667366586,0.126777861,0.152529615,0.515035062,0.380333584,0.330810982,0.524939582,0.61606117,1.586704172,4.233192029,12.814788978,42.46250436,30.394140216,14.328566446,-2008.588235294,5.3,4825429.01960784,0.8,83.150204906,108.887173091,13.858367484,106.907406308,1.979766783
TRUE,2018,PEORIA,3734,5.5,2.463182372,1.522533496,0.03045067,2.124349463,0.204296313,8.776436718,37.255010519,48.469161776,8.938847713,2.653440516,14.239011174,23.177858886,2.955731208,0.960612642,3.640923442,6.59665465,45.287623995,6.034617882,24.937862469,70.225486464,0.485385435,0.581346694,0.855282611,0.74983681,0.984718728,1.564391678,1.332857246,2.862100324,9.415919526,0.133341516,0.225955289,0.822365668,0.629885237,0.730867724,0.96296007,1.011498614,2.32482886,6.841702978,9.169484314,37.239974025,36.129335632,17.461206028,-6388.588235294,6.6,-4493605.98039216,7.6,64.920417471,103.432529531,18.705883,175.505196384,13.754325735
FALSE,2018,PERRY,874.2,5.8,2.511350738,1.00737798,0.028376844,0.33579266,0.297956867,7.950245933,46.31573969,55.013242527,8.007380074,2.103321033,11.937269373,19.944649446,3.32103321,0.442804428,2.435424354,5.756457565,48.062730627,4.003690037,26.236162362,74.298892989,0.37435157,0.828921333,1.331622012,1.486710519,0.844964971,1.978715439,0.962618322,2.845071929,10.652976095,0.069522434,0.197871544,0.962618322,0.481309161,0.411786727,0.556179475,0.812877694,2.144499706,5.636665062,8.560885609,36.992619926,34.05904059,20.387453875,6377.411764706,6.6,6834693.01960784,9.2,275.547531949,109.268848876,123.521307426,370.563922277,318.304907597
FALSE,2018,PIATT,575.4,4.1,0.623243309,0.562141024,0.012220457,0.183306856,0.12220457,0.427715997,48.71685201,49.517291947,6.534031414,1.42408377,4.795811518,11.329842932,2.32460733,1.445026178,3.539267016,5.863874346,53.717277487,5.42408377,29.089005236,82.806282723,0.428527701,0.091827365,0.373431283,0.153045608,0.550964187,0.348943985,0.208142026,1.132537496,3.287419651,0.04285277,0.116314662,0.287725742,0.257116621,0.544842363,0.48362412,0.232629324,0.685644322,2.650749923,12.607329843,48.293193717,26.492146597,12.607329843,-9511.588235294,7.4,7069238.01960784,11.9,146.914789422,55.093046033,6.121449559,36.728697356,12.242899119
FALSE,2018,PIKE,791.2,4.7,0.769477397,0.448861815,0.032061558,0.160307791,0.147483168,1.256813081,48.470663674,50.086566207,5.245746692,2.38657845,10.515122873,15.760869565,3.473534972,0.756143667,2.811909263,6.285444234,51.039697543,5.812854442,26.913988658,77.9536862,0.853970965,0.676607765,0.755435854,0.709452802,1.051041188,1.083886225,0.860539972,2.003547264,7.994482034,0.262760297,0.348157393,0.768573868,1.129869277,0.762004861,0.656900742,0.387571438,1.576561782,5.892399658,6.592627599,42.509451796,31.639886578,19.258034026,1978.411764706,5.8,6922981.01960784,1.7,204.185809086,31.90403267,12.761613068,133.996937213,344.563552833
FALSE,2018,PUTNAM,247.2,5.2,2.894002789,0.714783821,0,0.174337517,0.087168759,0.488145049,50.122036262,50.958856346,3.513022411,0,6.904906118,10.417928528,1.635372502,1.817080557,4.482132041,6.117504543,62.447001817,4.663840097,21.017565112,83.464566929,0.193457615,0.123109391,0.263805839,0.492437566,0.756243405,0.633134013,0.56278579,1.618009145,4.642982765,0.211044671,0.369328174,0.193457615,0.439676398,0.175870559,0.175870559,0.580372846,2.022511432,4.168132255,11.932162326,40.702604482,30.587522714,16.777710478,-14122.588235294,3.6,7208724.01960784,-2.9,0,0,17.658484902,0,0
FALSE,2018,RANDOLPH,264.5,4.3,2.365043354,0.689933804,0.049724959,0.229977935,0.170929546,8.969139447,45.57292476,55.051745035,7.589862943,1.771399017,7.79674166,15.386604603,3.633307473,1.926558055,4.809930178,8.443237652,52.236876131,4.835790018,23.933281614,76.170157745,0.870147256,0.2501233,0.838441485,0.672866906,0.810258578,0.996970337,0.930035933,1.831888959,7.200732756,0.313534841,0.190234623,0.521383781,0.454449376,0.827872895,0.824350032,0.510815191,2.060875079,5.703515818,8.107059736,39.694853892,34.303077321,17.895009051,7841.411764706,6.7,6076649.01960784,3.3,186.700687681,68.456918816,56.010206304,205.370756449,93.35034384
TRUE,2018,RICHLAND,3312,4.6,0.872889455,0.681745779,0.006371456,0.433259,0.165657853,0.490602103,48.410321759,49.544440905,7.627329193,2.906832298,9.068322981,16.695652174,2.434782609,1.043478261,2.832298137,5.267080745,49.714285714,7.652173913,28.322981366,78.037267081,0.692440854,0.589857024,0.94248894,0.775790216,1.000192345,1.506700006,0.795024684,2.756940437,9.059434507,0.41674681,0.4231583,1.307943835,0.41674681,0.544976598,0.897608514,0.596268513,1.314355325,5.917804706,10.633540373,38.732919255,33.291925466,17.341614907,2191.411764706,6.7,6584548.01960784,4,189.981635109,82.325375214,25.330884681,101.323538725,481.286808942
TRUE,2018,ROCK ISLAND,2508.7,5.1,6.656102537,1.490664068,0.022437089,1.368662399,0.287475196,5.729871478,41.819928342,49.311111267,7.891721951,3.47427597,13.268323875,21.160045826,3.631470972,1.233581115,4.579969627,8.211440599,46.870753737,4.857059121,23.757759838,70.628513575,0.559149294,0.570560504,0.931440023,0.719619436,0.805916712,1.297311947,1.156811423,2.548979053,8.589788393,0.304536669,0.353034312,0.649012574,0.510651651,0.524202463,0.484976429,0.584824517,2.838538509,6.249777125,9.658167479,40.892015027,33.693016812,15.756800682,-55.588235294,3.8,-2949421.98039216,0.9,136.319376826,86.938378078,49.380998748,175.267770204,110.585616915
TRUE,2018,ST. CLAIR,2565,5,2.159090909,1.229338843,0.046296296,0.604147536,0.20087236,14.001760024,33.26828895,48.240740741,10.823385369,2.561983471,13.356290174,24.179675543,3.371594735,0.919804102,3.512396694,6.883991429,43.224670952,5.36271809,25.711662075,68.936333027,0.45037229,0.384435936,1.035702029,0.785837951,1.121689205,1.614476693,1.110121423,2.925877513,9.428513039,0.146525231,0.250249671,0.76154561,0.606922932,0.675944027,0.71180415,0.816299775,2.955182559,6.924473955,9.773492501,40.20661157,33.440465259,16.57943067,-314.588235294,5,-3132735.98039216,0.6,163.70071206,192.521259957,37.658849253,237.481314678,62.252383459
TRUE,2018,SALINE,2666.9,6.4,0.941611669,0.979444281,0.067257976,0.260624658,0.22699567,2.383454538,46.311320358,49.316911177,6.688662268,3.74925015,12.552489502,19.24115177,3.164367127,0.959808038,4.424115177,7.588482304,47.390521896,4.75404919,25.779844031,73.170365927,0.376432771,0.816309267,1.759505985,1.687603096,1.015099607,1.899082181,1.218119528,2.478534873,11.250687307,0.160724104,0.444106078,1.543797318,1.07431375,1.112379986,1.416909868,1.078543332,4.166137969,10.996912405,6.793641272,34.028194361,36.577684463,22.600479904,5059.411764706,3,6696971.01960784,-4.5,117.228386016,54.427464936,100.481473728,272.137324681,339.124973833
TRUE,2018,SANGAMON,3988.1,4.3,1.149566293,1.21959323,0.020956967,1.020246474,0.134431274,6.117389682,40.662137917,48.024166961,8.210547106,2.824412404,13.324116137,21.534663243,3.332016591,1.135690302,3.918625321,7.250641912,46.061623543,5.640924353,25.153071302,71.214694845,0.337476421,0.367451355,0.744205277,0.910101036,0.888395049,1.313729037,1.006227551,2.832114525,8.399700251,0.124551022,0.246517998,0.66926794,0.793818962,0.686322644,0.835680509,0.797953435,2.65639939,6.8105119,8.447560735,43.004147738,32.131147541,16.417143986,-4144.588235294,5.9,-3024032.98039216,4.4,71.644968476,121.284696635,1.535249324,251.780889216,69.597969377
FALSE,2018,SCHUYLER,821.9,4.3,1.208151383,0.320232897,0,0.116448326,0.116448326,2.838427948,49.301310044,52.387190684,9.786989062,2.36039148,9.441565918,19.22855498,3.10880829,2.014968336,7.196315486,10.305123777,52.043753598,4.605641911,18.422567645,70.466321244,0.407628476,0.02911632,0.800698792,1.048187509,0.494977435,0.713349833,0.742466152,1.281118067,5.517542583,0.393070316,1.062745669,2.955306449,5.226379386,2.649585092,1.557723104,1.019071189,0.98995487,15.853836075,6.160046056,43.177892919,28.55497985,22.107081174,546.411764706,5.1,7261041.01960784,-0.2,273.97260274,360.490266763,14.419610671,72.098053353,187.454938717
FALSE,2018,SCOTT,364.7,5.1,0.66977877,0.507408159,0,0.060888979,0.142074285,0.385630201,48.569108991,49.157702456,4.062038405,1.403249631,8.862629247,12.924667651,1.772525849,0.59084195,2.732644018,4.505169867,56.794682422,3.323485968,25.775480059,82.570162482,0.547667343,0.486815416,0.811359026,0.46653144,0.730223124,0.872210953,0.507099391,2.210953347,6.632860041,0.283975659,0.425963489,0.892494929,0.912778905,0.649087221,0.770791075,0.263691684,2.109533469,6.30831643,13.515509601,39.807976366,28.286558346,18.389955687,2026.411764706,10.2,7356802.01960784,14.2,141.843971631,162.10739615,20.263424519,60.790273556,60.790273556
FALSE,2018,SHELBY,323.2,4.2,0.55233361,0.460278008,0.02761668,0.156494523,0.142686182,0.243947344,49.203719046,49.802080457,6.255969436,1.480420248,5.873925501,12.129894938,2.70614454,0.684495384,3.040432983,5.746577523,56.415154409,5.046163642,25.70837313,82.123527539,0.457972892,0.226673451,0.809548041,0.717028265,0.555118657,0.536614701,1.188879123,1.272146921,5.763982051,0.508858769,0.383957071,0.809548041,0.670768377,0.522736735,0.568996623,0.615256511,1.364666698,5.444788824,7.831900669,42.406876791,30.038204394,19.723018147,3234.411764706,10.1,6736476.01960784,14.9,37.470725995,9.367681499,0,9.367681499,23.419203747
FALSE,2018,STARK,1011.6,6.1,0.996677741,0.719822813,0.03691399,0.258397933,0.110741971,0.42451089,48.671096346,49.57548911,7.138047138,1.212121212,8.080808081,15.218855219,3.434343434,1.144781145,3.771043771,7.205387205,52.929292929,4.781144781,24.646464646,77.575757576,0.464080193,0.148505662,0.742528309,0.835344348,1.05810284,1.373677371,1.169482087,4.306664192,10.098385001,0.278448116,0.426953778,0.389827362,0.686838686,0.705401893,0.742528309,0.64971227,2.097642473,5.977352887,10.168350168,38.383838384,32.592592593,18.855218855,1869.411764706,2.9,7319293.01960784,-9.6,74.934432372,0,18.733608093,0,37.467216186
FALSE,2018,STEPHENSON,1716.7,4.6,2.214434002,1.404111882,0.024555216,0.301359466,0.147331295,5.078465076,42.991718195,48.608165725,5.161189113,3.278688525,13.412816692,18.574005804,2.321750726,2.266844458,5.757314299,8.079065025,54.819985881,3.341438544,18.52694329,73.346929171,0.603477285,0.367919237,0.614694335,0.630398205,0.859226024,0.951205833,1.662366798,2.102075154,7.791362872,0.226584408,0.275939428,0.690970275,0.756029164,0.590016826,0.937745373,0.765002804,2.402692092,6.64498037,9.177190368,40.583575182,34.747823359,15.491411091,2024.411764706,4.5,5623302.01960784,1.4,150.544882597,134.816312774,4.493877092,260.644871363,4.493877092
FALSE,2018,TAZEWELL,1714.1,4.8,1.312948282,0.715741789,0.018875047,0.36391091,0.181955455,0.850887127,47.713099283,49.16798792,6.275753633,1.992517892,8.593580568,14.869334201,2.106376057,1.08165257,2.925070484,5.031446541,51.550639774,5.958577315,28.548579484,80.099219258,0.370373205,0.296145517,0.516532878,0.420113408,0.478271184,0.767529595,0.676466762,1.108058678,4.633491227,0.113254616,0.12779406,0.40480873,0.357364228,0.423939577,0.493575861,0.623665623,1.396551856,3.940954553,10.146931251,42.778139232,29.955541097,17.119388419,-3115.588235294,6.7,-659337.980392157,0.4,287.941145433,136.432846396,8.291498952,188.443158006,146.985663245
FALSE,2018,UNION,1670.2,6.3,2.923003802,0.837690114,0.005941065,0.207937262,0.433697719,0.772338403,48.568203422,50.065351711,9.147253687,1.047232315,7.864928404,17.01218209,3.633254969,2.479162214,5.300277837,8.933532806,50.203034837,3.84697585,23.851250267,74.054285104,0.668283163,0.490862854,0.969897688,0.715595245,1.886569283,1.43119049,1.040865811,1.63226684,8.835531374,0.171506298,0.443550772,0.981725708,0.904843574,1.454846531,1.23011414,0.780649358,3.270447691,9.237684074,7.394742466,35.67001496,34.216712973,22.7185296,1986.411764706,4.5,7098293.01960784,-1.4,231.811697575,136.709462672,11.887779363,95.102234903,237.755587256
TRUE,2018,VERMILION,4080.4,6,2.83434591,1.290709499,0.020859952,0.411984042,0.190347057,7.319235483,41.764230398,49.778363015,9.291764466,3.143177875,13.215634248,22.507398714,3.714664762,1.709358098,4.898459026,8.613123788,45.984284111,3.852433922,22.895193387,68.879477498,0.38701955,0.486766857,0.97220375,1.259475994,1.22888682,1.816730948,1.411091901,2.932570821,10.494746642,0.184865009,0.206144434,0.832557521,0.926984971,0.750099747,0.989493284,0.933634792,4.269184732,9.09296449,7.128278396,35.743443208,36.580263292,20.548015104,5265.411764706,5.4,4261035.01960784,2.8,123.294960481,97.338126695,6.489208446,172.612944673,155.741002712
FALSE,2018,WABASH,1300.6,4.5,1.874511846,0.876507854,0.034713182,0.685585351,0.15620932,0.564089213,48.850125835,50.351470971,6.465385788,0.975907289,5.672461116,12.137846905,1.585849344,0.731930467,3.598658127,5.184507472,53.217444343,8.173223544,29.460201281,82.677645624,0.575464295,0.619060075,1.255558462,0.566745139,0.453396111,0.592902607,0.863196443,1.15092859,6.077251722,0.113349028,0.279012992,1.185805214,0.680094167,0.296451304,0.915511378,0.305170459,1.996686721,5.772081263,9.942055505,46.996035377,28.392802684,14.669106435,1175.411764706,3.3,7170577.01960784,0.7,360.312857017,79.093066175,123.033658494,140.609895421,237.279198524
FALSE,2018,WARREN,1492.8,4.1,5.243644068,0.894538606,0.105932203,1.31826742,0.258945386,1.653719397,45.962806026,49.3173258,7.409050577,1.109139308,11.49068323,18.899733807,4.813664596,0.133096717,1.974267968,6.787932564,50.221827862,4.347826087,24.090505768,74.312333629,0.804555019,0.451788588,0.755043941,0.470355242,1.157321451,0.767421711,1.144943681,2.456987251,8.008416883,0.12996658,0.12996658,0.303255353,0.464166357,0.513677435,0.79217725,0.79217725,1.305854685,4.43124149,11.357586513,39.862466726,35.115350488,13.664596273,3472.411764706,6.1,6795810.01960784,4.6,270.349691449,35.263003232,0,58.771672054,58.771672054
FALSE,2018,WASHINGTON,879.6,2.9,0.657189799,0.492892349,0.014286735,0.200014287,0.128580613,0.528609186,48.982070148,49.910707908,5.621594849,1.238236751,6.215948489,11.837543338,2.179296682,1.040118871,3.590886578,5.770183259,55.027241209,6.61218425,27.365032194,82.392273403,0.509874327,0.574506284,0.581687612,0.44524237,0.675044883,0.660682226,0.603231598,0.976660682,5.026929982,0.078994614,0.373429084,0.473967684,0.236983842,0.265709156,0.416517056,0.165170557,1.141831239,3.152603232,9.930658742,47.350173353,27.786032689,14.933135215,-6397.588235294,7.5,6533258.01960784,12.8,108.147080029,43.258832012,21.629416006,50.468637347,72.098053353
FALSE,2018,WAYNE,646.8,5.5,0.728898689,0.557393115,0.006125199,0.245007963,0.153129977,0.318510352,48.468700233,49.222099718,6.479433879,0.641309155,7.762052189,14.241486068,1.946041575,1.459531181,3.538257408,5.484298983,51.923927466,5.196815568,28.350287483,80.274214949,0.476016111,0.457707799,0.506529965,1.104601489,0.958134993,1.049676553,0.83607958,2.404491639,7.79323813,0.09154156,0.616379836,0.604174295,0.549249359,0.787257415,0.92762114,0.164774808,2.520444282,6.261442695,9.310039805,36.554621849,33.635559487,20.499778859,3582.411764706,7.8,6898416.01960784,7.2,6.101653548,6.101653548,0,24.406614192,67.118189029
FALSE,2018,WHITE,1646.7,4.1,0.837127331,0.638860332,0.036716111,0.212953444,0.220296666,0.49933911,48.142164782,49.162872669,4.957832865,2.427804753,10.375670841,15.333503706,1.814464605,0.562228469,3.475594173,5.290058778,53.462816254,3.961155124,25.913621262,79.376437516,0.595019467,0.800705208,1.109233821,0.99904503,0.492176596,1.035774627,0.954969514,1.909939029,7.896863292,0.359950048,0.249761258,0.477484757,0.918239918,0.257107177,0.426063322,0.462792919,2.071549254,5.222948652,6.082289803,40.301558906,37.081523128,16.534628163,-4858.588235294,5.7,6973600.01960784,-4.1,152.339499456,87.051142546,14.508523758,79.796880667,203.119332608
FALSE,2018,WHITESIDE,1501.5,4.4,6.235486832,0.880240491,0.016200745,0.221410185,0.262812089,0.999045956,47.975806887,49.529278347,6.362089279,2.395601519,9.693677183,16.055766462,4.06466815,1.066893572,2.997774578,7.062442728,52.231967535,5.098834926,24.649823275,76.88179081,0.361748693,0.367174924,0.50644817,0.703601208,0.633060213,0.931502885,0.63125147,1.702027601,5.836815165,0.128420786,0.235136651,0.367174924,0.616781522,0.526344349,0.587841626,0.607737805,1.696601371,4.766039033,10.21730593,40.496138238,31.771174237,17.515381594,730.411764706,4,5456287.01960784,0.6,106.222094196,97.220221806,36.007489558,63.013106726,81.016851505
FALSE,2018,WILL,1147.7,4.1,9.09948506,0.977792054,0.026911708,2.841644855,0.236851967,5.946185265,40.505882234,49.622006253,6.712886157,1.082141464,8.142546962,14.855433119,3.200437746,0.623439219,2.5321761,5.732613846,42.319356885,6.746066395,37.09259615,79.411953035,0.218417841,0.233008507,0.356218571,0.415907657,0.517452794,0.586132088,0.400285329,1.28545237,4.012875157,0.096681582,0.139274534,0.281644059,0.267200773,0.312151814,0.324826533,0.25968437,1.309033243,2.990496908,17.312517099,44.391084412,27.781173416,10.515225073,-8206.588235294,5,-20662615.9803922,1.9,49.882667291,54.943227741,1.156699531,77.932630928,2.168811621
TRUE,2018,WILLIAMSON,2350.2,5,1.518318354,0.888298349,0.011943507,0.525514317,0.295601803,2.796273626,46.025797976,49.693947628,8.489640446,1.898770705,11.011715819,19.501356265,3.439718359,1.356264789,3.133837364,6.573555722,47.636636463,5.777110867,26.28845155,73.925088013,0.469599224,0.538884355,0.889929021,0.826802568,1.011562919,1.234815009,1.033118293,2.34953579,8.354247179,0.143189272,0.215553742,0.752898428,0.774453802,0.434186824,0.85605629,0.914563735,2.57278788,6.663689972,6.204189992,41.380504415,32.948577365,19.466728228,237.411764706,4.9,4750747.01960784,3.5,184.677707613,71.488144883,7.446681759,166.805671393,260.633861551
TRUE,2018,WINNEBAGO,3549.2,5.6,6.628353841,1.4310898,0.026442901,1.354934245,0.26795473,6.527165674,40.576807813,48.830871205,8.109501329,3.035975908,13.915567855,22.025069184,3.959791633,1.413533019,4.301644148,8.261435781,45.474523848,5.158988551,24.238971187,69.713495035,0.339523528,0.367995103,0.776918094,0.769800201,0.979066275,1.506858091,1.182282139,2.817974105,8.740417536,0.142713768,0.185777025,0.668370216,0.616765487,0.681182424,0.875856816,0.74773473,2.976347239,6.894747706,10.868739487,39.439199088,34.710239297,14.981822128,1004.411764706,5.2,-5534051.98039216,2.5,64.163009493,294.582656845,17.015604728,181.854275525,2.835934121
FALSE,2018,WOODFORD,578.3,4,1.00708594,0.550263452,0.012977912,0.363381525,0.119396787,0.394528512,49.001998598,49.933812651,5.296154206,1.169645364,6.98044353,12.276597736,2.208290446,0.355572191,1.712360812,3.920651259,50.809394592,8.000374287,32.993356414,83.802751006,0.1879152,0.272609375,0.402297329,0.346716777,0.627266231,0.659026546,0.230262287,1.201598603,3.927692348,0.023820237,0.127041262,0.484344811,0.431410952,0.301722997,0.598152608,0.201148665,1.148664743,3.316306275,10.985309254,44.371666511,29.999064284,14.643959951,-8181.588235294,7.1,6391696.01960784,-0.2,7.779276009,44.082564049,2.593092003,72.606576081,2.593092003
TRUE,2018,DEWITT,1831.2,,,,,,,,,,4.547521601,2.04638472,8.640291041,13.187812642,3.387903593,0.613915416,3.001364256,6.389267849,49.681673488,7.662573897,30.741246021,80.422919509,0.367880249,0.399594063,0.792845363,0.672332868,0.475707218,0.634276291,1.097297983,2.016998605,6.45693264,0.031713815,0.107826969,0.58987695,0.133198021,0.355194723,0.532792084,0.919700622,1.902828872,4.573132056,13.301500682,41.246020919,30.354706685,15.097771714,-2458.588235294,4.2,6417013.01960784,2.3,101.381320492,50.690660246,0,190.089975922,0
