,Total.Index.Crime.Rates.per.100K,Unemployment.Rate,Percent.Hispanic.Female,Percent.Hispanic.Male,Percent.Two.or.More.Races.Female,Percent.Two.or.More.Races.Male,Percent.Native.Hawaiin.Female,Percent.Native.Hawaiin.Male,Percent.Asain.Female,Percent.Asain.Male,Percent.American.Indian.Female,Percent.American.Indian.Male,Percent.Black.Female,Percent.Black.Male,Percent.White.Male,Percent.White.Female,Population.Percent.Male,HTIS.per.100K,Arson.per.100K,Percent.of.Meth.Arrests,Percent.Needle.Syringe.Arrests,Percent.Controlled.Substance.Arrests,HTS.Per.100K,Percent.of.Paraphernalia.Drug.Arrests,Battery.Assault.Per.100K,Sexual.Assault.Per.100k,Percent.Cannabis.Arrests,MVT.Per.100K,Theft.per.100K,Burglary.per.100K,Robbery.Per.100K,Homocides.Per.100k,Prop.Female.household.no.Children,Female.Household.with.Children.under.6,Prop.Female.Household.with.Children.under.18,Prop.Female.Household,Prop.Male.Household.No.Children,Prop.Male.Household.with.children.under.6,Prop.Male.Household.with.children.under.18,Prop.Male.Household,Prop.Other.Family.Type..Not.Married.,Prop.Married.no.children.under.18,Prop.Married.with.children.under.6,Prop.Married.with.Children.under.18,Prop.Married.Couple.Family,Prop.Female.Poverty.75.,Prop.Female.Poverty.65.74,Prop.Female.Poverty.55.64,Prop.Female.Poverty.45.54,Prop.Female.Poverty.35.44,Prop.Female.Poverty.25.34,Prop.Female.Poverty.18.24,Prop.Female.17.and.Under,Prop.Female.Poverty,Prop.Male.Poveryy.75.,Prop.Male.Poverty.65.74,Prop.Male.Poverty.55.64,Prop.Male.Poverty.45.54,Prop.Male.Poverty.35.44,Prop.Male.Poverty.25.34,Prop.Male.Poverty.18.24,Prop.Male.Poverty.Under.17,Prop.Male.Poverty,Prop.3.Earner,Prop.2.Earner,Prop.1.Earner,Prop.No.Earners,X2018.Normalized.Per.Capital.Income.Dollars,X2018.percent.change,X2018.rank.percent..change,Normalize.2018.GDP,Percent.Change...2018,Rank.in.State.for.Percent.Change...2018
Total.Index.Crime.Rates.per.100K,1,0.167915629,0.117796587,0.069751115,0.692971722,0.673914526,-0.125498908,0.085602536,0.239609283,0.254070981,0.201952533,-0.021791379,0.526018692,0.286601998,-0.528838144,-0.377099753,-0.335946555,0.03862581,0.586431112,0.016770254,-0.130605664,0.252137407,0.094386726,-0.190889019,0.776912647,0.606855381,-0.028964872,0.801715636,0.972543814,0.885414884,0.747061128,0.438246456,0.464953453,0.376892007,0.541976586,0.591622523,0.313300826,0.118969023,0.169382701,0.312041893,0.580147833,-0.435056856,-0.086666599,-0.17232424,-0.580147833,0.032579668,0.21768174,0.303965822,0.249003563,0.261281985,0.456649662,0.245675824,0.324870763,0.42184999,-0.125031218,0.043967767,0.146918059,0.029194716,0.104968406,0.404944685,0.281601568,0.472174347,0.384690228,-0.164946799,-0.236901315,0.364213038,0.065512553,0.027351806,-0.06903864,0.059753544,-0.205480627,-0.001121888,-0.077866326
Unemployment.Rate,0.167915629,1,-0.136607837,-0.159506464,0.196467813,0.111851307,0.070562079,0.112824734,-0.258576461,-0.251406394,0.259063015,-0.051004632,0.170477165,0.119234813,-0.088613222,-0.049655335,-0.087202257,-0.07603698,0.161780806,0.21188852,0.045173567,-0.039228526,0.005994532,-0.063285315,0.181729596,0.029276248,-0.252993334,0.229002373,0.111641708,0.265111162,0.039289266,0.097169708,0.371745895,0.190234864,0.300579343,0.382866661,0.215759804,0.238146867,0.270247031,0.332715674,0.417958018,0.136727356,-0.571911121,-0.570738487,-0.417958018,0.076471266,0.511760335,0.561526057,0.623168935,0.547253169,0.505796202,0.063700567,0.606823158,0.610097593,0.250018396,0.404078688,0.321842233,0.124812332,0.234865983,0.283347609,0.023646463,0.560280321,0.411012576,-0.365613831,-0.824491311,0.501970997,0.724948418,0.45490082,-0.23503855,0.250758248,0.134278933,-0.162245156,0.180914168
Percent.Hispanic.Female,0.117796587,-0.136607837,1,0.973787755,0.358727173,0.382948388,0.101991446,0.24969533,0.593683666,0.559650156,0.680662061,0.334927349,0.300878341,0.125692392,-0.373196801,-0.364355081,-0.150385276,-0.036194219,-0.049773136,-0.499762292,-0.038977177,0.381018729,0.032258842,-0.063550964,0.055832295,0.045831988,0.397863685,0.173932172,0.174375861,-0.10837604,0.353610116,0.170242275,0.147341953,-0.095388683,0.069550183,0.118063415,0.240584982,-0.09353209,-0.035352591,0.112345926,0.132056877,-0.579519346,0.240624678,0.437916634,-0.132056877,-0.277834506,-0.206854629,-0.343131466,-0.214841431,-0.12138506,-0.176305044,-0.048409286,-0.134203411,-0.223973886,-0.213862145,-0.263776693,-0.245829263,-0.207382087,-0.156267589,-0.17198234,-0.03588909,-0.074633061,-0.207683095,0.632188759,0.173273501,-0.113465999,-0.546621742,-0.454618715,-0.135256652,0.157971185,-0.476546168,-0.053509205,0.0688522
Percent.Hispanic.Male,0.069751115,-0.159506464,0.973787755,1,0.307804944,0.357064383,0.086008859,0.228497716,0.553704466,0.529953993,0.642628546,0.496970301,0.260788894,0.244735831,-0.366004531,-0.424436698,0.058783306,-0.030557963,-0.079614098,-0.507918907,-0.049958079,0.356972659,0.043924971,-0.008427479,0.034041938,-0.000810549,0.392305986,0.128397405,0.125330824,-0.150244409,0.315701102,0.13971965,0.110570285,-0.092680849,0.070888441,0.101299919,0.217301002,-0.076958159,-0.043427142,0.092641667,0.112085155,-0.566471271,0.29136455,0.445748041,-0.112085155,-0.273606203,-0.190196804,-0.368421065,-0.229329196,-0.117081473,-0.171702821,-0.060760894,-0.133500296,-0.230443745,-0.22409969,-0.298396966,-0.254187225,-0.175981429,-0.112962232,-0.179375663,-0.052604484,-0.093798728,-0.212577654,0.574483901,0.19950694,-0.107357085,-0.538336468,-0.377730404,-0.120390847,0.143636267,-0.455541334,-0.050315269,0.073320884
Percent.Two.or.More.Races.Female,0.692971722,0.196467813,0.358727173,0.307804944,1,0.941702059,0.02203964,0.371698515,0.458073909,0.476513677,0.39616832,0.061682588,0.720035801,0.444574892,-0.758269358,-0.609608802,-0.359833036,0.095241711,0.401339925,-0.257777953,-0.063452056,0.422332055,0.169510803,-0.16508752,0.474433639,0.384419428,0.100479301,0.61647075,0.709052799,0.5374078,0.612289951,0.429134154,0.436328386,0.319704022,0.592106193,0.611958957,0.285335437,-0.004239172,0.067292395,0.217147571,0.565639214,-0.505586224,-0.043528506,-0.08673989,-0.565639214,-0.117073323,0.117630323,0.119151665,0.123382391,0.248616504,0.364007663,0.415147241,0.333120216,0.415583432,-0.264611381,-0.065651208,-0.027417966,-0.160982778,0.042421793,0.405140537,0.416533733,0.406367986,0.317773234,7.28E-05,-0.201276691,0.376360623,-0.102697279,-0.071944988,-0.250848062,0.261669033,-0.15541087,-0.070043077,0.017524705
Percent.Two.or.More.Races.Male,0.673914526,0.111851307,0.382948388,0.357064383,0.941702059,1,0.018109444,0.320421982,0.472409064,0.497094426,0.36199232,0.123002225,0.708920914,0.496938202,-0.763653252,-0.647169859,-0.266553679,0.089987326,0.372169421,-0.28841556,-0.044718092,0.459837576,0.174991435,-0.196794052,0.454351862,0.395717218,0.117393762,0.623141851,0.695711616,0.493976656,0.622833984,0.45751407,0.382600247,0.261489235,0.550745866,0.558038097,0.193464501,0.016273014,0.111655581,0.197956097,0.515780735,-0.517185722,-0.017857767,-0.023333084,-0.515780735,-0.155965612,0.086740187,0.06936977,0.076193645,0.200127976,0.298133268,0.388453417,0.259956299,0.342520046,-0.307752686,-0.164489807,-0.04569334,-0.208834243,-0.015582887,0.369968136,0.39532563,0.391213755,0.26683152,0.040356956,-0.124624363,0.31783761,-0.164589695,-0.087418395,-0.190295751,0.205799845,-0.156552642,-0.004073785,-0.02974831
Percent.Native.Hawaiin.Female,-0.125498908,0.070562079,0.101991446,0.086008859,0.02203964,0.018109444,1,0.155128087,0.050377449,0.053221654,0.017984486,0.030217247,0.112325357,0.04273306,-0.094526922,-0.082042779,-0.068502011,-0.001532641,-0.099692736,-0.109583206,-0.039693395,-0.013726853,0.004875926,0.027465923,-0.098821422,-0.119087409,0.194041597,-0.040680458,-0.133470245,-0.10767862,0.010827786,-0.031948103,-0.020225645,-0.097250314,0.046329781,0.02175435,-0.061369557,-0.194854835,-0.124745354,-0.131416023,-0.025176011,0.050745382,-0.151214127,-0.024178667,0.025176011,-0.023056439,0.056978249,0.034849884,-0.024823894,0.062445658,-0.044436408,0.007998343,0.122474317,0.052606565,0.011945109,0.054274542,-0.008298388,-0.046736045,-0.012523562,0.038791598,0.005554504,0.038074853,0.011706537,0.218322308,-0.084497734,-0.078147863,-0.000555626,-0.010572233,0.176864409,-0.104444436,-0.030354566,0.215784386,-0.163210178
Percent.Native.Hawaiin.Male,0.085602536,0.112824734,0.24969533,0.228497716,0.371698515,0.320421982,0.155128087,1,0.271029754,0.294663072,0.235149226,0.039889867,0.372336094,0.258958027,-0.403464544,-0.345953406,-0.125724542,0.06568071,0.01585326,-0.006818313,-0.162919463,0.228090676,-0.028862162,-0.038166587,0.102498707,-0.036790866,-0.088467928,0.086886709,0.082782916,0.046455627,0.173911246,-0.013197016,0.339455446,-0.010365277,0.237051842,0.324189234,0.23968203,-0.15713854,-0.018585855,0.124702722,0.30279745,-0.254457545,-0.112710435,-0.062509582,-0.30279745,-0.100535889,0.185361525,0.217884102,0.14980262,0.124129067,0.053454577,0.307110586,0.221208839,0.284553972,-0.14354794,-0.063209674,-0.077803836,-0.212251709,-0.007157569,0.225223722,0.301001787,0.117684997,0.119545434,0.015756701,-0.155145209,0.259911481,-0.0649048,0.007741294,-0.090243373,0.075823238,-0.109647292,-0.006537706,-0.051786006
Percent.Asain.Female,0.239609283,-0.258576461,0.593683666,0.553704466,0.458073909,0.472409064,0.050377449,0.271029754,1,0.989930319,0.370666189,0.116469292,0.417387426,0.216668971,-0.588623393,-0.550483171,-0.180191596,-0.026446399,0.011985034,-0.411929599,-0.101769672,0.398162589,-0.009261657,-0.070376752,0.087722415,0.134641706,0.304245362,0.246930466,0.305792022,0.01077357,0.455008552,0.248828151,0.154005685,-0.106725201,0.063639852,0.117250759,0.144784126,-0.210958569,-0.156202233,-0.036042495,0.08310427,-0.503939381,0.396132282,0.413827497,-0.08310427,-0.314699296,-0.188928681,-0.229678628,-0.200858606,-0.15510519,-0.100207016,0.27479888,-0.162493228,-0.082430669,-0.237573193,-0.196369618,-0.211970395,-0.191686505,-0.157030099,0.061926575,0.336684261,-0.131224014,-0.033690239,0.384103086,0.279488181,-0.105682643,-0.488273063,-0.572612031,-0.047967299,0.053445803,-0.543675254,-0.036132238,0.011208415
Percent.Asain.Male,0.254070981,-0.251406394,0.559650156,0.529953993,0.476513677,0.497094426,0.053221654,0.294663072,0.989930319,1,0.353965629,0.132708616,0.41869319,0.244356354,-0.598659563,-0.568247522,-0.145126051,-0.034441814,0.019036904,-0.398319692,-0.11029045,0.393394519,-0.018991837,-0.05663793,0.111236716,0.128361871,0.282306701,0.251244295,0.319706485,0.022542099,0.456487907,0.243407452,0.158079189,-0.094750731,0.076377946,0.127862343,0.142875561,-0.201197082,-0.149577942,-0.032060336,0.092983196,-0.491995074,0.406343092,0.391687422,-0.092983196,-0.278521434,-0.164190589,-0.207521162,-0.190809769,-0.132060073,-0.085174003,0.326402323,-0.143258168,-0.040162594,-0.255208478,-0.202993358,-0.200696478,-0.182812156,-0.142970388,0.098974449,0.387816075,-0.119286522,0.00102292,0.339170951,0.268912179,-0.073669931,-0.471594074,-0.523080662,-0.038782198,0.044150951,-0.507813212,-0.01340513,-0.011617295
Percent.American.Indian.Female,0.201952533,0.259063015,0.680662061,0.642628546,0.39616832,0.36199232,0.017984486,0.235149226,0.370666189,0.353965629,1,0.310701904,0.239198024,0.048291168,-0.270126703,-0.238808757,-0.200023357,-0.04514428,0.063026195,-0.149880609,0.003915444,0.233658368,-0.016531638,-0.193675842,0.107291635,0.084850283,0.139961384,0.245799558,0.241946488,0.045352972,0.267519742,0.144565564,0.200475703,0.069183579,0.095392451,0.161156158,0.251876294,-0.045806995,0.032240574,0.170818991,0.185942152,-0.360441234,-0.019477612,0.164330857,-0.185942152,-0.161226223,0.156964342,-0.000472143,0.124412713,0.171936721,0.087845581,0.105666633,0.067496711,0.124558743,-0.076058871,-0.057969797,-0.083409121,-0.128983814,-0.055506936,0.009902304,0.085709924,0.170639382,0.037106526,0.304400212,-0.198069108,0.12550317,-0.113245659,-0.169629979,-0.305202776,0.278503385,-0.303778883,-0.129205222,0.147158881
Percent.American.Indian.Male,-0.021791379,-0.051004632,0.334927349,0.496970301,0.061682588,0.123002225,0.030217247,0.039889867,0.116469292,0.132708616,0.310701904,1,0.078639845,0.507321895,-0.217527956,-0.416396955,0.600656355,-0.028746521,-0.041542537,-0.103091978,-0.123156704,0.056703672,0.02234601,0.114852131,0.008159768,-0.077814688,0.078330009,0.030253077,-0.01672115,-0.066645086,0.066157629,-0.035264468,-0.069724079,0.003647342,0.13551609,0.058555331,0.033838048,-0.161808587,-0.194273054,-0.129621403,0.005173476,-0.154764008,0.220609026,0.148267813,-0.005173476,-0.124524948,0.094310609,-0.129248231,-0.047427865,0.129470573,-0.000376655,-0.004525079,0.060994485,0.015489638,-0.106456079,-0.154475443,-0.113860808,0.037801354,0.079061216,-0.041889804,-0.027050945,-0.039103613,-0.044385668,-0.066583008,0.083624212,0.003314079,-0.044639331,0.081654494,-0.081271945,0.05503256,-0.14607281,-0.051881828,0.069212728
Percent.Black.Female,0.526018692,0.170477165,0.300878341,0.260788894,0.720035801,0.708920914,0.112325357,0.372336094,0.417387426,0.41869319,0.239198024,0.078639845,1,0.715426563,-0.951338166,-0.847692179,-0.27852933,0.091614509,0.259526067,-0.206596187,-0.115109805,0.439649206,0.02757849,-0.249188835,0.399585494,0.235821898,0.135282595,0.596094198,0.518551318,0.364947973,0.700426158,0.536058717,0.610523675,0.226585232,0.579857599,0.687356876,0.18110913,-0.070008884,0.080408881,0.166787756,0.61023224,-0.47532902,-0.031964079,-0.163190297,-0.61023224,-0.117502805,0.143237611,0.192977967,0.184048107,0.325305301,0.29603803,0.330336084,0.444172912,0.440135151,-0.199333768,-0.019181612,0.073792458,-0.060591947,0.08780449,0.401026158,0.338968214,0.435783093,0.350497939,-0.025908326,-0.252134531,0.362065578,-0.017136778,-0.072154709,-0.051973395,0.063109699,-0.386112019,0.013547473,-0.057629171
Percent.Black.Male,0.286601998,0.119234813,0.125692392,0.244735831,0.444574892,0.496938202,0.04273306,0.258958027,0.216668971,0.244356354,0.048291168,0.507321895,0.715426563,1,-0.780092811,-0.91153038,0.447139982,0.090778858,0.115301606,-0.160688083,-0.125637294,0.286093263,0.071375692,-0.077550384,0.274864343,0.048164082,0.085032385,0.362167424,0.268929583,0.186446082,0.4673419,0.345531902,0.417682602,0.183616764,0.471931228,0.521354837,0.08332336,-0.008613578,0.039622732,0.078753961,0.447314364,-0.310138956,0.086360925,-0.15763542,-0.447314364,-0.109265945,0.219969567,0.129522188,0.148004537,0.276798836,0.277461668,0.226220507,0.40581153,0.369837318,-0.133960472,-0.060019106,0.072497397,0.035509522,0.217252692,0.316868758,0.237959276,0.30266724,0.29250902,-0.230321962,-0.180778694,0.327861623,0.082748818,0.205290043,-0.009494592,0.022849965,-0.25044535,0.006708411,-0.027646759
Percent.White.Male,-0.528838144,-0.088613222,-0.373196801,-0.366004531,-0.758269358,-0.763653252,-0.094526922,-0.403464544,-0.588623393,-0.598659563,-0.270126703,-0.217527956,-0.951338166,-0.780092811,1,0.918062455,0.156713856,-0.071080355,-0.247283559,0.262834956,0.172612534,-0.478165674,-0.046486196,0.199274745,-0.391394063,-0.232445203,-0.173195763,-0.582296926,-0.532327549,-0.347787078,-0.712068817,-0.494547254,-0.554811678,-0.208111756,-0.564382377,-0.650068038,-0.192128806,0.09576219,-0.012548596,-0.121046599,-0.565185081,0.553653438,-0.100664475,0.038545358,0.565185081,0.168911025,-0.131931478,-0.116663245,-0.115270509,-0.26696026,-0.263213946,-0.360919655,-0.378128655,-0.391553331,0.253493634,0.097405345,0.0077896,0.108996291,-0.081852171,-0.372841659,-0.378868708,-0.362718876,-0.302106559,0.005340692,0.151982193,-0.339130945,0.120227468,0.12656998,0.048450782,-0.059962337,0.444682821,-0.006916558,0.050892782
Percent.White.Female,-0.377099753,-0.049655335,-0.364355081,-0.424436698,-0.609608802,-0.647169859,-0.082042779,-0.345953406,-0.550483171,-0.568247522,-0.238808757,-0.416396955,-0.847692179,-0.91153038,0.918062455,1,-0.209263101,-0.078386684,-0.124081425,0.304271529,0.10785178,-0.414069418,-0.047735447,0.134596712,-0.296238945,-0.116878476,-0.1908856,-0.44976914,-0.388512977,-0.189128868,-0.616097936,-0.44690991,-0.469674431,-0.126487267,-0.456094973,-0.535583771,-0.146513103,0.092591974,-0.007508637,-0.090724408,-0.462718991,0.458189593,-0.16501346,0.026680907,0.462718991,0.206710399,-0.112386078,-0.056753362,-0.083130005,-0.215613493,-0.223814527,-0.326691767,-0.321184906,-0.327428839,0.200325728,0.092220242,-0.015744319,0.030529382,-0.112384811,-0.334490403,-0.358145155,-0.256070645,-0.279683206,0.024647222,0.099885744,-0.255073752,0.09104091,0.053330133,0.056144863,-0.068940943,0.420063873,0.009951768,0.019510972
Population.Percent.Male,-0.335946555,-0.087202257,-0.150385276,0.058783306,-0.359833036,-0.266553679,-0.068502011,-0.125724542,-0.180191596,-0.145126051,-0.200023357,0.600656355,-0.27852933,0.447139982,0.156713856,-0.209263101,1,0.006352101,-0.239605416,-0.006725496,0.035914075,-0.170812983,0.02807155,0.203269789,-0.179846201,-0.27466755,-0.022536596,-0.302345394,-0.338637857,-0.30057502,-0.251322114,-0.181578762,-0.212286723,-0.111575009,-0.165647152,-0.214561294,-0.127821587,0.043310259,-0.044655401,-0.108422579,-0.20882946,0.209080974,0.183220156,0.009762164,0.20882946,-0.032311306,0.058698364,-0.101679878,-0.054918407,-0.068500018,-0.045505815,-0.096885439,-0.059793587,-0.094236915,0.090199154,-0.039233227,0.025768754,0.162502954,0.151566721,-0.084011213,-0.079979506,-0.201069996,-0.049437802,-0.212869971,0.108320865,-0.089982605,0.113533435,0.313537583,0.043557909,-0.041296854,0.107474605,-0.011702685,0.0434514
HTIS.per.100K,0.03862581,-0.07603698,-0.036194219,-0.030557963,0.095241711,0.089987326,-0.001532641,0.06568071,-0.026446399,-0.034441814,-0.04514428,-0.028746521,0.091614509,0.090778858,-0.071080355,-0.078386684,0.006352101,1,0.109615125,-0.063260973,0.009857071,0.005165667,0.154704419,0.098824343,0.020286372,-0.062065671,-0.021469004,0.031376924,0.035685163,0.046614911,0.063810974,0.058375927,0.06388286,-0.027920834,0.011599197,0.038664496,0.017518445,0.014979695,0.038321414,0.039635662,0.044166413,-0.082821412,-0.007592279,0.036063283,-0.044166413,0.050068041,-0.00118998,-0.037158859,-0.089610678,-0.054086646,-0.011251121,-0.039517711,-0.032471901,-0.050036247,-0.03842808,-0.033297093,0.031911691,-0.093328679,-0.035688222,-0.025539735,-0.056860686,-0.003289258,-0.054288501,0.1058155,0.019493339,-0.037921969,-0.065653688,-0.068609576,0.04905378,-0.073941847,0.008938032,0.03436204,-0.067512447
Arson.per.100K,0.586431112,0.161780806,-0.049773136,-0.079614098,0.401339925,0.372169421,-0.099692736,0.01585326,0.011985034,0.019036904,0.063026195,-0.041542537,0.259526067,0.115301606,-0.247283559,-0.124081425,-0.239605416,0.109615125,1,0.104323438,-0.043018665,0.065359927,-0.056579622,-0.115041321,0.410350004,0.390079683,-0.08587782,0.590140039,0.537527141,0.574969224,0.339287638,0.217329102,0.237422565,0.224395626,0.272420887,0.299167118,0.208826863,0.24202206,0.141610164,0.230067621,0.316846917,-0.232767296,-0.117397705,-0.098902557,-0.316846917,0.019333113,0.192947221,0.209467595,0.043908705,0.238903198,0.221388384,0.055619442,0.275116803,0.24198449,-0.097466737,0.074015013,0.098024981,-0.046144988,0.049728631,0.216191042,0.050770774,0.313525278,0.177414881,-0.052973089,-0.191239764,0.153067185,0.114106573,0.051857286,0.030648656,-0.050143764,-0.008629748,0.124341581,-0.147199008
Percent.of.Meth.Arrests,0.016770254,0.21188852,-0.499762292,-0.507918907,-0.257777953,-0.28841556,-0.109583206,-0.006818313,-0.411929599,-0.398319692,-0.149880609,-0.103091978,-0.206596187,-0.160688083,0.262834956,0.304271529,-0.006725496,-0.063260973,0.104323438,1,-0.089185566,-0.5333134,-0.005417719,-0.173429668,0.048251492,0.06062661,-0.61302806,-0.031793139,-0.031104072,0.174947689,-0.223517609,-0.249840272,0.094554622,0.099591898,0.012916435,0.054265563,-0.039376645,0.015191733,0.071309893,0.031779706,0.054244644,0.312546949,-0.313819634,-0.362292369,-0.054244644,0.363403917,0.373217338,0.473790149,0.367115874,0.301388305,0.288735133,0.007466355,0.294896242,0.367434577,0.225030226,0.330680902,0.350668051,0.180378762,0.151500501,0.210160557,-0.025744019,0.252540081,0.268614573,-0.505728811,-0.3460728,0.229415941,0.544743233,0.394879413,0.0616537,-0.143881091,0.206172402,0.031530991,-0.10420737
Percent.Needle.Syringe.Arrests,-0.130605664,0.045173567,-0.038977177,-0.049958079,-0.063452056,-0.044718092,-0.039693395,-0.162919463,-0.101769672,-0.11029045,0.003915444,-0.123156704,-0.115109805,-0.125637294,0.172612534,0.10785178,0.035914075,0.009857071,-0.043018665,-0.089185566,1,-0.211250286,-0.000615245,-0.185644124,-0.104092591,-0.166577155,-0.299607073,-0.056071272,-0.142262006,-0.0764941,-0.108008426,0.314311615,-0.127437118,-0.147768164,-0.091048716,-0.123223458,-0.075526784,0.11716058,0.084412698,0.020883997,-0.092832038,0.237948498,-0.068664525,-0.13684401,0.092832038,-0.042033723,-0.140789056,-0.054766289,-0.036920076,-0.037127268,-0.027574715,-0.08986339,-0.025995262,-0.082567201,0.00646558,0.108976065,-0.080265557,-0.001281213,-0.103402588,-0.133741978,-0.071644146,0.030869661,-0.058297543,0.037271448,-0.044312908,0.019098122,0.004342698,-0.148422624,-0.223616535,0.231403915,0.065919987,-0.222176827,0.219141777
Percent.Controlled.Substance.Arrests,0.252137407,-0.039228526,0.381018729,0.356972659,0.422332055,0.459837576,-0.013726853,0.228090676,0.398162589,0.393394519,0.233658368,0.056703672,0.439649206,0.286093263,-0.478165674,-0.414069418,-0.170812983,0.005165667,0.065359927,-0.5333134,-0.211250286,1,0.00973033,-0.447960503,0.124262554,0.210465763,0.21628839,0.26525691,0.2812301,0.105831476,0.387698817,0.182192657,0.215520819,-0.080316429,0.117036388,0.183266906,0.12289207,0.013529148,0.005006969,0.074957746,0.172640225,-0.440630784,0.1370989,0.252645161,-0.172640225,-0.21339806,-0.097520557,-0.1537934,-0.084537133,-0.069205909,-0.073659309,0.087968535,-0.037088372,-0.054657804,-0.215181508,-0.271482275,-0.184048172,-0.258126217,-0.204725863,0.009784034,0.121156652,-0.008660857,-0.10543535,0.304916397,0.074809819,-0.012730742,-0.291102526,-0.200039717,0.017178815,-0.010152788,-0.272404313,0.130431035,-0.103623008
HTS.Per.100K,0.094386726,0.005994532,0.032258842,0.043924971,0.169510803,0.174991435,0.004875926,-0.028862162,-0.009261657,-0.018991837,-0.016531638,0.02234601,0.02757849,0.071375692,-0.046486196,-0.047735447,0.02807155,0.154704419,-0.056579622,-0.005417719,-0.000615245,0.00973033,1,-0.057215891,0.051628719,0.059247677,0.057156452,0.064480125,0.122277985,0.028204515,0.031888284,0.042159884,0.076353275,-0.096523788,0.016778124,0.048188193,-0.013086709,0.029348465,0.056604071,0.035939121,0.050672432,-0.042923392,-0.028198306,-0.010179066,-0.050672432,0.085299915,0.046743353,-0.038391648,0.077998592,0.060513478,0.081583801,0.020090191,-0.000967817,0.046873959,-0.026519657,-0.063732772,0.038724776,0.019819204,0.008484208,0.062082903,0.07767406,0.095183662,0.080886567,-0.066096494,-0.046935826,0.10904225,0.005991435,0.048525695,-0.062772752,0.100176465,-0.002164549,-0.078450254,0.133392182
Percent.of.Paraphernalia.Drug.Arrests,-0.190889019,-0.063285315,-0.063550964,-0.008427479,-0.16508752,-0.196794052,0.027465923,-0.038166587,-0.070376752,-0.05663793,-0.193675842,0.114852131,-0.249188835,-0.077550384,0.199274745,0.134596712,0.203269789,0.098824343,-0.115041321,-0.173429668,-0.185644124,-0.447960503,-0.057215891,1,-0.123818352,-0.259507438,-0.045736261,-0.198781152,-0.198358103,-0.092367498,-0.22000916,-0.235680881,-0.123727332,0.074329682,-0.083795467,-0.11650578,0.101475797,-0.065044682,-0.112892005,-0.027659215,-0.103230394,0.096904459,0.037396017,0.012059164,0.103230394,0.086479846,-0.077238754,-0.064741437,-0.15963177,-0.081397034,-0.115804964,-0.084625814,-0.106119617,-0.133434708,0.065201218,-0.057364828,-0.078730695,0.042952685,0.098762948,-0.121948543,-0.126946701,-0.199542749,-0.128470219,0.000904784,0.116472836,-0.081834151,-0.056422135,0.070917627,0.033617839,0.000465797,0.123025901,-0.0330778,0.011049115
Battery.Assault.Per.100K,0.776912647,0.181729596,0.055832295,0.034041938,0.474433639,0.454351862,-0.098821422,0.102498707,0.087722415,0.111236716,0.107291635,0.008159768,0.399585494,0.274864343,-0.391394063,-0.296238945,-0.179846201,0.020286372,0.410350004,0.048251492,-0.104092591,0.124262554,0.051628719,-0.123818352,1,0.506941274,-0.009199094,0.600664736,0.65462796,0.692958781,0.672827387,0.417589569,0.412351657,0.317077963,0.469891635,0.517388857,0.300863724,0.136119293,0.162432822,0.29948104,0.515993688,-0.31858833,-0.055351112,-0.220914006,-0.515993688,0.081654566,0.167145166,0.260592275,0.286321562,0.239820484,0.404443737,0.185531658,0.294921211,0.374277591,-0.079045196,0.042334045,0.101394486,0.083744101,0.145822849,0.240444701,0.179381494,0.426410609,0.317507521,-0.225444358,-0.220619424,0.401917741,0.060014503,0.075126629,0.02162603,-0.060217718,-0.12708537,0.057984991,-0.119354812
Sexual.Assault.Per.100k,0.606855381,0.029276248,0.045831988,-0.000810549,0.384419428,0.395717218,-0.119087409,-0.036790866,0.134641706,0.128361871,0.084850283,-0.077814688,0.235821898,0.048164082,-0.232445203,-0.116878476,-0.27466755,-0.062065671,0.390079683,0.06062661,-0.166577155,0.210465763,0.059247677,-0.259507438,0.506941274,1,0.061306165,0.422330906,0.55475168,0.538697135,0.398810553,0.220334604,0.183948792,0.198434202,0.335637854,0.316245225,0.078483455,0.125055051,0.141457288,0.154325181,0.306059051,-0.216450146,-0.050486315,-0.103839613,-0.306059051,-0.032867703,-0.110843118,0.080797403,0.065914434,0.198424817,0.163142802,0.333211041,0.049852201,0.212787914,-0.040201996,-0.016808983,0.066875333,0.008745235,0.120540676,0.266831203,0.345188392,0.237243276,0.28945961,-0.046892741,-0.084968951,0.184877395,-0.031392237,0.059705318,-0.027499368,0.010449758,-0.035311725,0.03708426,-0.070858944
Percent.Cannabis.Arrests,-0.028964872,-0.252993334,0.397863685,0.392305986,0.100479301,0.117393762,0.194041597,-0.088467928,0.304245362,0.282306701,0.139961384,0.078330009,0.135282595,0.085032385,-0.173195763,-0.1908856,-0.022536596,-0.021469004,-0.08587782,-0.61302806,-0.299607073,0.21628839,0.057156452,-0.045736261,-0.009199094,0.061306165,1,-0.029158843,0.026963815,-0.241760477,0.182775883,0.121238803,-0.177501717,0.00269679,0.001024689,-0.084680827,-0.135182029,-0.078376944,-0.074704989,-0.135407023,-0.11263347,-0.241287555,0.33686422,0.353004558,0.11263347,-0.347321825,-0.248301492,-0.424409539,-0.262295113,-0.262013468,-0.208745952,0.046626697,-0.276970673,-0.287493108,-0.150357779,-0.206210442,-0.155383598,0.005054597,0.015105175,-0.090314082,0.084242502,-0.199857806,-0.095294154,0.36393587,0.361276587,-0.272562395,-0.421489761,-0.300677859,0.048781008,0.027451248,-0.162669649,0.019912286,0.085290435
MVT.Per.100K,0.801715636,0.229002373,0.173932172,0.128397405,0.61647075,0.623141851,-0.040680458,0.086886709,0.246930466,0.251244295,0.245799558,0.030253077,0.596094198,0.362167424,-0.582296926,-0.44976914,-0.302345394,0.031376924,0.590140039,-0.031793139,-0.056071272,0.26525691,0.064480125,-0.198781152,0.600664736,0.422330906,-0.029158843,1,0.749936081,0.677278913,0.756068563,0.482380079,0.552788512,0.268099745,0.501098248,0.606256527,0.344468935,0.075396392,0.167128232,0.328391715,0.597302277,-0.428235896,-0.173956086,-0.196899558,-0.597302277,0.007219894,0.262610459,0.314199392,0.24712091,0.321894627,0.412335315,0.114108296,0.334176705,0.376530284,-0.04501604,0.034429406,0.1623995,0.009120519,0.083269504,0.30433747,0.13504225,0.439623006,0.298157938,-0.080579525,-0.3125136,0.310776936,0.130718447,-0.004670471,-0.033799721,0.038613148,-0.361633769,0.066416527,-0.121004232
Theft.per.100K,0.972543814,0.111641708,0.174375861,0.125330824,0.709052799,0.695711616,-0.133470245,0.082782916,0.305792022,0.319706485,0.241946488,-0.01672115,0.518551318,0.268929583,-0.532327549,-0.388512977,-0.338637857,0.035685163,0.537527141,-0.031104072,-0.142262006,0.2812301,0.122277985,-0.198358103,0.65462796,0.55475168,0.026963815,0.749936081,1,0.795211366,0.702411147,0.395309208,0.422995467,0.332102494,0.485864483,0.533349953,0.278768971,0.100510097,0.161529758,0.285967216,0.524519566,-0.444255579,-0.049251248,-0.105417075,-0.524519566,-0.003233121,0.193836786,0.227823016,0.198573148,0.207011619,0.414181002,0.253929514,0.278628659,0.372947549,-0.151482143,0.028762273,0.109362357,0.01219823,0.068065256,0.408951836,0.311812985,0.408135577,0.356044238,-0.108596029,-0.176412847,0.305035772,0.009781746,-0.019425182,-0.083961207,0.080982653,-0.220702424,-0.033004964,-0.039086146
Burglary.per.100K,0.885414884,0.265111162,-0.10837604,-0.150244409,0.5374078,0.493976656,-0.10767862,0.046455627,0.01077357,0.022542099,0.045352972,-0.066645086,0.364947973,0.186446082,-0.347787078,-0.189128868,-0.30057502,0.046614911,0.574969224,0.174947689,-0.0764941,0.105831476,0.028204515,-0.092367498,0.692958781,0.538697135,-0.241760477,0.677278913,0.795211366,1,0.549758324,0.318894173,0.395096289,0.446120391,0.53535652,0.553453337,0.288817122,0.11371332,0.127668728,0.265755922,0.534221604,-0.28813545,-0.171336119,-0.26999019,-0.534221604,0.13653054,0.282920072,0.468203342,0.304826781,0.299854707,0.473364564,0.174634763,0.36562241,0.456994874,-0.043557752,0.098414833,0.243821957,0.052937111,0.143791313,0.37518457,0.171076443,0.510451945,0.385369411,-0.287787637,-0.324373412,0.389398169,0.227328583,0.162946539,-0.092985221,0.089541112,-0.022424225,0.008135292,-0.099298604
Robbery.Per.100K,0.747061128,0.039289266,0.353610116,0.315701102,0.612289951,0.622833984,0.010827786,0.173911246,0.455008552,0.456487907,0.267519742,0.066157629,0.700426158,0.4673419,-0.712068817,-0.616097936,-0.251322114,0.063810974,0.339287638,-0.223517609,-0.108008426,0.387698817,0.031888284,-0.22000916,0.672827387,0.398810553,0.182775883,0.756068563,0.702411147,0.549758324,1,0.659524237,0.518979915,0.212597344,0.469313755,0.568406769,0.316145447,0.036114182,0.076904718,0.242571109,0.538789992,-0.513845539,0.037475549,-0.051381726,-0.538789992,-0.121932967,0.033594313,0.112478118,0.117031334,0.176662034,0.301597467,0.199491601,0.229087213,0.261754183,-0.151891839,-0.067269997,0.027029096,-0.036105676,0.062665176,0.281040475,0.218279997,0.359822376,0.25072795,0.033499473,-0.111131542,0.267020352,-0.13131592,-0.193532145,0.023224495,-0.038030844,-0.600297761,0.044735148,-0.103105964
Homocides.Per.100k,0.438246456,0.097169708,0.170242275,0.13971965,0.429134154,0.45751407,-0.031948103,-0.013197016,0.248828151,0.243407452,0.144565564,-0.035264468,0.536058717,0.345531902,-0.494547254,-0.44690991,-0.181578762,0.058375927,0.217329102,-0.249840272,0.314311615,0.182192657,0.042159884,-0.235680881,0.417589569,0.220334604,0.121238803,0.482380079,0.395309208,0.318894173,0.659524237,1,0.242974117,0.106471819,0.331416114,0.341841409,0.064860232,0.02564778,0.105719868,0.118936764,0.315275158,-0.201244522,-0.017907182,-0.128463251,-0.315275158,-0.1579495,-0.063046245,0.001279385,0.069107116,0.154511573,0.202729027,0.122052695,0.162167875,0.155612315,-0.146712848,-0.075991494,-0.032677776,-0.035596546,-0.025265128,0.114440645,0.108894683,0.284528734,0.13261422,0.01103204,-0.087174701,0.165839429,-0.05496286,-0.195132867,0.009016007,-0.005815965,-0.293606814,-0.033920292,0.029306388
Prop.Female.household.no.Children,0.464953453,0.371745895,0.147341953,0.110570285,0.436328386,0.382600247,-0.020225645,0.339455446,0.154005685,0.158079189,0.200475703,-0.069724079,0.610523675,0.417682602,-0.554811678,-0.469674431,-0.212286723,0.06388286,0.237422565,0.094554622,-0.127437118,0.215520819,0.076353275,-0.123727332,0.412351657,0.183948792,-0.177501717,0.552788512,0.422995467,0.395096289,0.518979915,0.242974117,1,0.190093485,0.470938913,0.80142742,0.397038487,0.261096142,0.337615964,0.490007911,0.807751364,-0.453418085,-0.270137741,-0.390661744,-0.807751364,0.039366392,0.172339373,0.42823412,0.421854532,0.501596578,0.373296287,0.110846582,0.491431861,0.482036969,-0.141958203,0.251982402,0.370770107,0.231451776,0.416358793,0.432175672,0.124729309,0.512261055,0.484598888,-0.188910719,-0.481566046,0.526938024,0.207732628,0.131718499,-0.072702203,0.063144766,-0.336618841,0.018770438,-0.045717203
Female.Household.with.Children.under.6,0.376892007,0.190234864,-0.095388683,-0.092680849,0.319704022,0.261489235,-0.097250314,-0.010365277,-0.106725201,-0.094750731,0.069183579,0.003647342,0.226585232,0.183616764,-0.208111756,-0.126487267,-0.111575009,-0.027920834,0.224395626,0.099591898,-0.147768164,-0.080316429,-0.096523788,0.074329682,0.317077963,0.198434202,0.00269679,0.268099745,0.332102494,0.446120391,0.212597344,0.106471819,0.190093485,1,0.690116136,0.559537515,0.215160419,0.110810853,0.220402657,0.294338578,0.548431515,-0.254646656,-0.089511974,-0.317895433,-0.548431515,0.05417916,0.236517349,0.30965017,0.330511374,0.280168798,0.593767341,0.310352896,0.404706698,0.517804719,-0.10616758,0.148517085,0.243659664,0.19223086,0.354602537,0.396216558,0.220933474,0.465800139,0.456695945,-0.302645122,-0.319775311,0.53555624,0.109301663,0.296272682,-0.188463772,0.210430917,0.070393929,-0.174663635,0.155679919
Prop.Female.Household.with.Children.under.18,0.541976586,0.300579343,0.069550183,0.070888441,0.592106193,0.550745866,0.046329781,0.237051842,0.063639852,0.076377946,0.095392451,0.13551609,0.579857599,0.471931228,-0.564382377,-0.456094973,-0.165647152,0.011599197,0.272420887,0.012916435,-0.091048716,0.117036388,0.016778124,-0.083795467,0.469891635,0.335637854,0.001024689,0.501098248,0.485864483,0.53535652,0.469313755,0.331416114,0.470938913,0.690116136,1,0.905039717,0.325110243,0.025529705,0.175396821,0.323518909,0.837507859,-0.434794407,-0.149953768,-0.440011692,-0.837507859,0.046396799,0.189223536,0.380212774,0.409339127,0.520255046,0.620170913,0.348778892,0.620491827,0.663213056,-0.190550055,0.129919142,0.239095076,0.191316172,0.364149765,0.48820732,0.305320633,0.644773889,0.56320809,-0.358333912,-0.42905355,0.721349462,0.10962733,0.218401472,-0.061002769,0.077574021,-0.07057555,-0.039893676,-0.02098939
Prop.Female.Household,0.591622523,0.382866661,0.118063415,0.101299919,0.611958957,0.558038097,0.02175435,0.324189234,0.117250759,0.127862343,0.161156158,0.058555331,0.687356876,0.521354837,-0.650068038,-0.535583771,-0.214561294,0.038664496,0.299167118,0.054265563,-0.123223458,0.183266906,0.048188193,-0.11650578,0.517388857,0.316245225,-0.084680827,0.606256527,0.533349953,0.553453337,0.568406769,0.341841409,0.80142742,0.559537515,0.905039717,1,0.411846677,0.143193451,0.281693807,0.455592022,0.957263679,-0.513393339,-0.231909967,-0.486673244,-0.957263679,0.050436264,0.211381676,0.464245819,0.480917093,0.594562823,0.600445276,0.289909135,0.657620686,0.682055237,-0.197633066,0.209573455,0.340864966,0.241300874,0.447629832,0.539364493,0.267138655,0.684126052,0.61548893,-0.334025072,-0.52307239,0.743119216,0.174481416,0.211578844,-0.076411354,0.083038337,-0.21014618,-0.017997201,-0.03627249
Prop.Male.Household.No.Children,0.313300826,0.215759804,0.240584982,0.217301002,0.285335437,0.193464501,-0.061369557,0.23968203,0.144784126,0.142875561,0.251876294,0.033838048,0.18110913,0.08332336,-0.192128806,-0.146513103,-0.127821587,0.017518445,0.208826863,-0.039376645,-0.075526784,0.12289207,-0.013086709,0.101475797,0.300863724,0.078483455,-0.135182029,0.344468935,0.278768971,0.288817122,0.316145447,0.064860232,0.397038487,0.215160419,0.325110243,0.411846677,1,0.046189946,0.080586166,0.642172808,0.541922597,-0.383998936,-0.205314183,-0.183128966,-0.541922597,0.08468777,0.096704986,0.229446688,0.245779115,0.160175032,0.317934173,-0.0057839,0.243626806,0.238068674,-0.003383897,0.165406967,0.090463256,0.096241728,0.199531197,0.034825878,0.023345225,0.193162895,0.162322413,-0.048358323,-0.257888873,0.309413428,0.049809725,0.081267578,-0.138542955,0.087849701,-0.222364277,-0.109479794,0.01626289
Prop.Male.Household.with.children.under.6,0.118969023,0.238146867,-0.09353209,-0.076958159,-0.004239172,0.016273014,-0.194854835,-0.15713854,-0.210958569,-0.201197082,-0.045806995,-0.161808587,-0.070008884,-0.008613578,0.09576219,0.092591974,0.043310259,0.014979695,0.24202206,0.015191733,0.11716058,0.013529148,0.029348465,-0.065044682,0.136119293,0.125055051,-0.078376944,0.075396392,0.100510097,0.11371332,0.036114182,0.02564778,0.261096142,0.110810853,0.025529705,0.143193451,0.046189946,1,0.682620224,0.551775976,0.295147033,-0.033798923,-0.230417378,-0.273246599,-0.295147033,0.045855287,-0.05799986,0.012364432,0.056304792,0.186433223,0.109574664,0.009121387,0.070652622,0.081185861,0.041504672,0.188870888,0.09658492,0.177330534,0.331751512,0.176236145,-0.000565013,0.264523352,0.243881288,-0.104976873,-0.237959184,0.25150411,0.118617824,0.212754029,0.035891164,0.025073066,0.096940335,0.03509734,0.049353714
Prop.Male.Household.with.children.under.18,0.169382701,0.270247031,-0.035352591,-0.043427142,0.067292395,0.111655581,-0.124745354,-0.018585855,-0.156202233,-0.149577942,0.032240574,-0.194273054,0.080408881,0.039622732,-0.012548596,-0.007508637,-0.044655401,0.038321414,0.141610164,0.071309893,0.084412698,0.005006969,0.056604071,-0.112892005,0.162432822,0.141457288,-0.074704989,0.167128232,0.161529758,0.127668728,0.076904718,0.105719868,0.337615964,0.220402657,0.175396821,0.281693807,0.080586166,0.682620224,1,0.815817023,0.493012966,-0.108456184,-0.346273416,-0.404974422,-0.493012966,-0.017265431,0.010422374,0.216911965,0.335878324,0.268687804,0.224696681,0.116258305,0.184818597,0.260334412,-0.09955964,0.273415101,0.359624563,0.364058279,0.392766391,0.368358458,0.117064435,0.388090267,0.457174343,-0.139357168,-0.360413227,0.329382888,0.209081049,0.270722283,0.012499606,0.04226222,0.074800309,0.014606453,0.058837841
Prop.Male.Household,0.312041893,0.332715674,0.112345926,0.092641667,0.217147571,0.197956097,-0.131416023,0.124702722,-0.036042495,-0.032060336,0.170818991,-0.129621403,0.166787756,0.078753961,-0.121046599,-0.090724408,-0.108422579,0.039635662,0.230067621,0.031779706,0.020883997,0.074957746,0.035939121,-0.027659215,0.29948104,0.154325181,-0.135407023,0.328391715,0.285967216,0.265755922,0.242571109,0.118936764,0.490007911,0.294338578,0.323518909,0.455592022,0.642172808,0.551775976,0.815817023,1,0.693579053,-0.306204515,-0.385428133,-0.417700998,-0.693579053,0.035857427,0.064123397,0.299942875,0.400911308,0.299570447,0.357269981,0.086053945,0.283488375,0.338339844,-0.078530779,0.306241581,0.329059805,0.335822257,0.417828803,0.303496057,0.103574542,0.410537706,0.445774027,-0.135231545,-0.426806195,0.432836366,0.189695573,0.255353208,-0.070769262,0.083472375,-0.0714891,-0.052286605,0.054685581
Prop.Other.Family.Type..Not.Married.,0.580147833,0.417958018,0.132056877,0.112085155,0.565639214,0.515780735,-0.025176011,0.30279745,0.08310427,0.092983196,0.185942152,0.005173476,0.61023224,0.447314364,-0.565185081,-0.462718991,-0.20882946,0.044166413,0.316846917,0.054244644,-0.092832038,0.172640225,0.050672432,-0.103230394,0.515993688,0.306059051,-0.11263347,0.597302277,0.524519566,0.534221604,0.538789992,0.315275158,0.807751364,0.548431515,0.837507859,0.957263679,0.541922597,0.295147033,0.493012966,0.693579053,1,-0.51494475,-0.312895057,-0.529546148,-1,0.05246513,0.191892792,0.473138011,0.51943315,0.578475362,0.601981916,0.26256582,0.624279644,0.661874068,-0.185447668,0.269092148,0.382752608,0.304377967,0.497991995,0.53508181,0.249831259,0.687006488,0.642910312,-0.314243898,-0.561960186,0.741991087,0.202829048,0.254181692,-0.084827967,0.094317978,-0.193286043,-0.031551724,-0.011586327
Prop.Married.no.children.under.18,-0.435056856,0.136727356,-0.579519346,-0.566471271,-0.505586224,-0.517185722,0.050745382,-0.254457545,-0.503939381,-0.491995074,-0.360441234,-0.154764008,-0.47532902,-0.310138956,0.553653438,0.458189593,0.209080974,-0.082821412,-0.232767296,0.312546949,0.237948498,-0.440630784,-0.042923392,0.096904459,-0.31858833,-0.216450146,-0.241287555,-0.428235896,-0.444255579,-0.28813545,-0.513845539,-0.201244522,-0.453418085,-0.254646656,-0.434794407,-0.513393339,-0.383998936,-0.033798923,-0.108456184,-0.306204515,-0.51494475,1,-0.386002503,-0.4544794,0.51494475,0.261362661,0.1058019,0.107394131,0.029555581,-0.071130422,-0.211266112,-0.105027101,-0.086259064,-0.073333492,0.430719965,0.141663199,0.069783216,0.077055081,-0.151178699,-0.122241802,-0.133787945,-0.208853721,-0.107027134,-0.341332477,-0.091146207,-0.202090248,0.517105454,0.286699077,-0.010758457,-0.027568094,0.344556447,-0.073034244,0.097874819
Prop.Married.with.children.under.6,-0.086666599,-0.571911121,0.240624678,0.29136455,-0.043528506,-0.017857767,-0.151214127,-0.112710435,0.396132282,0.406343092,-0.019477612,0.220609026,-0.031964079,0.086360925,-0.100664475,-0.16501346,0.183220156,-0.007592279,-0.117397705,-0.313819634,-0.068664525,0.1370989,-0.028198306,0.037396017,-0.055351112,-0.050486315,0.33686422,-0.173956086,-0.049251248,-0.171336119,0.037475549,-0.017907182,-0.270137741,-0.089511974,-0.149953768,-0.231909967,-0.205314183,-0.230417378,-0.346273416,-0.385428133,-0.312895057,-0.386002503,1,0.707111124,0.312895057,-0.156047701,-0.324701725,-0.450444299,-0.446094482,-0.323649976,-0.194158248,0.077504711,-0.35549816,-0.330748155,-0.275657827,-0.308669838,-0.31266438,-0.155751856,-0.104931622,-0.177615233,0.113056833,-0.349843986,-0.24648724,0.316162821,0.589160374,-0.285901866,-0.620006671,-0.418933879,0.138411271,-0.113822648,-0.17042768,0.100348843,-0.106107967
Prop.Married.with.Children.under.18,-0.17232424,-0.570738487,0.437916634,0.445748041,-0.08673989,-0.023333084,-0.024178667,-0.062509582,0.413827497,0.391687422,0.164330857,0.148267813,-0.163190297,-0.15763542,0.038545358,0.026680907,0.009762164,0.036063283,-0.098902557,-0.362292369,-0.13684401,0.252645161,-0.010179066,0.012059164,-0.220914006,-0.103839613,0.353004558,-0.196899558,-0.105417075,-0.26999019,-0.051381726,-0.128463251,-0.390661744,-0.317895433,-0.440011692,-0.486673244,-0.183128966,-0.273246599,-0.404974422,-0.417700998,-0.529546148,-0.4544794,0.707111124,1,0.529546148,-0.313153745,-0.304097695,-0.597920619,-0.569000219,-0.530716431,-0.416468696,-0.168905684,-0.563341713,-0.615197538,-0.233524623,-0.419804234,-0.466780841,-0.392536256,-0.367871377,-0.435047153,-0.127212136,-0.507206585,-0.562149773,0.664308685,0.674139014,-0.571035056,-0.722474755,-0.54783341,0.098792597,-0.070727107,-0.140114926,0.105058379,-0.08481425
Prop.Married.Couple.Family,-0.580147833,-0.417958018,-0.132056877,-0.112085155,-0.565639214,-0.515780735,0.025176011,-0.30279745,-0.08310427,-0.092983196,-0.185942152,-0.005173476,-0.61023224,-0.447314364,0.565185081,0.462718991,0.20882946,-0.044166413,-0.316846917,-0.054244644,0.092832038,-0.172640225,-0.050672432,0.103230394,-0.515993688,-0.306059051,0.11263347,-0.597302277,-0.524519566,-0.534221604,-0.538789992,-0.315275158,-0.807751364,-0.548431515,-0.837507859,-0.957263679,-0.541922597,-0.295147033,-0.493012966,-0.693579053,-1,0.51494475,0.312895057,0.529546148,1,-0.05246513,-0.191892792,-0.473138011,-0.51943315,-0.578475362,-0.601981916,-0.26256582,-0.624279644,-0.661874068,0.185447668,-0.269092148,-0.382752608,-0.304377967,-0.497991995,-0.53508181,-0.249831259,-0.687006488,-0.642910312,0.314243898,0.561960186,-0.741991087,-0.202829048,-0.254181692,0.084827967,-0.094317978,0.193286043,0.031551724,0.011586327
Prop.Female.Poverty.75.,0.032579668,0.076471266,-0.277834506,-0.273606203,-0.117073323,-0.155965612,-0.023056439,-0.100535889,-0.314699296,-0.278521434,-0.161226223,-0.124524948,-0.117502805,-0.109265945,0.168911025,0.206710399,-0.032311306,0.050068041,0.019333113,0.363403917,-0.042033723,-0.21339806,0.085299915,0.086479846,0.081654566,-0.032867703,-0.347321825,0.007219894,-0.003233121,0.13653054,-0.121932967,-0.1579495,0.039366392,0.05417916,0.046396799,0.050436264,0.08468777,0.045855287,-0.017265431,0.035857427,0.05246513,0.261362661,-0.156047701,-0.313153745,-0.05246513,1,0.172379777,0.308170352,0.112621151,0.225734788,0.135758098,-0.032155422,0.072817062,0.21004195,0.347384804,0.020837175,0.252052828,0.180279297,0.07122119,0.103196913,-0.070728707,0.083753438,0.131759452,-0.338955193,-0.230700908,0.233307368,0.29620467,0.24555639,0.025274294,-0.076747118,0.069136374,0.035589625,-0.105215261
Prop.Female.Poverty.65.74,0.21768174,0.511760335,-0.206854629,-0.190196804,0.117630323,0.086740187,0.056978249,0.185361525,-0.188928681,-0.164190589,0.156964342,0.094310609,0.143237611,0.219969567,-0.131931478,-0.112386078,0.058698364,-0.00118998,0.192947221,0.373217338,-0.140789056,-0.097520557,0.046743353,-0.077238754,0.167145166,-0.110843118,-0.248301492,0.262610459,0.193836786,0.282920072,0.033594313,-0.063046245,0.172339373,0.236517349,0.189223536,0.211381676,0.096704986,-0.05799986,0.010422374,0.064123397,0.191892792,0.1058019,-0.324701725,-0.304097695,-0.191892792,0.172379777,1,0.536039541,0.518429723,0.320024861,0.33717509,0.011358772,0.367463562,0.476550482,0.26384603,0.287376929,0.222507732,-0.023750337,0.013394837,0.175233705,-0.005689203,0.331090861,0.208834892,-0.368815593,-0.494026033,0.28044862,0.560713618,0.357572578,-0.124014039,0.15736842,0.010653361,-0.012482138,0.040011846
Prop.Female.Poverty.55.64,0.303965822,0.561526057,-0.343131466,-0.368421065,0.119151665,0.06936977,0.034849884,0.217884102,-0.229678628,-0.207521162,-0.000472143,-0.129248231,0.192977967,0.129522188,-0.116663245,-0.056753362,-0.101679878,-0.037158859,0.209467595,0.473790149,-0.054766289,-0.1537934,-0.038391648,-0.064741437,0.260592275,0.080797403,-0.424409539,0.314199392,0.227823016,0.468203342,0.112478118,0.001279385,0.42823412,0.30965017,0.380212774,0.464245819,0.229446688,0.012364432,0.216911965,0.299942875,0.473138011,0.107394131,-0.450444299,-0.597920619,-0.473138011,0.308170352,0.536039541,1,0.655049543,0.416142485,0.537516875,0.155063199,0.498195663,0.670488574,0.253600458,0.391685413,0.554203171,0.283031294,0.257100121,0.429486836,0.125474568,0.543747377,0.544290132,-0.536622808,-0.64614591,0.524785352,0.638865672,0.442545753,-0.147336495,0.132153663,0.032624381,-0.123539535,0.095992998
Prop.Female.Poverty.45.54,0.249003563,0.623168935,-0.214841431,-0.229329196,0.123382391,0.076193645,-0.024823894,0.14980262,-0.200858606,-0.190809769,0.124412713,-0.047427865,0.184048107,0.148004537,-0.115270509,-0.083130005,-0.054918407,-0.089610678,0.043908705,0.367115874,-0.036920076,-0.084537133,0.077998592,-0.15963177,0.286321562,0.065914434,-0.262295113,0.24712091,0.198573148,0.304826781,0.117031334,0.069107116,0.421854532,0.330511374,0.409339127,0.480917093,0.245779115,0.056304792,0.335878324,0.400911308,0.51943315,0.029555581,-0.446094482,-0.569000219,-0.51943315,0.112621151,0.518429723,0.655049543,1,0.532053453,0.55107572,0.168576152,0.563535104,0.708773574,0.164084365,0.467406037,0.49245221,0.359191856,0.322646966,0.433062911,0.165671882,0.555334619,0.583217708,-0.481882212,-0.692362582,0.531579305,0.642974932,0.425487396,-0.126224561,0.117445719,0.028881526,-0.125184927,0.103788196
Prop.Female.Poverty.35.44,0.261281985,0.547253169,-0.12138506,-0.117081473,0.248616504,0.200127976,0.062445658,0.124129067,-0.15510519,-0.132060073,0.171936721,0.129470573,0.325305301,0.276798836,-0.26696026,-0.215613493,-0.068500018,-0.054086646,0.238903198,0.301388305,-0.037127268,-0.069205909,0.060513478,-0.081397034,0.239820484,0.198424817,-0.262013468,0.321894627,0.207011619,0.299854707,0.176662034,0.154511573,0.501596578,0.280168798,0.520255046,0.594562823,0.160175032,0.186433223,0.268687804,0.299570447,0.578475362,-0.071130422,-0.323649976,-0.530716431,-0.578475362,0.225734788,0.320024861,0.416142485,0.532053453,1,0.516855969,0.230676289,0.732841001,0.751828859,-0.042963925,0.220490705,0.306831791,0.138721588,0.455258904,0.522826049,0.212301368,0.746393875,0.594277113,-0.374315559,-0.685519399,0.625846312,0.477592347,0.405302984,-0.030183407,0.006057308,-0.007177868,0.065205263,-0.116415825
Prop.Female.Poverty.25.34,0.456649662,0.505796202,-0.176305044,-0.171702821,0.364007663,0.298133268,-0.044436408,0.053454577,-0.100207016,-0.085174003,0.087845581,-0.000376655,0.29603803,0.277461668,-0.263213946,-0.223814527,-0.045505815,-0.011251121,0.221388384,0.288735133,-0.027574715,-0.073659309,0.081583801,-0.115804964,0.404443737,0.163142802,-0.208745952,0.412335315,0.414181002,0.473364564,0.301597467,0.202729027,0.373296287,0.593767341,0.620170913,0.600445276,0.317934173,0.109574664,0.224696681,0.357269981,0.601981916,-0.211266112,-0.194158248,-0.416468696,-0.601981916,0.135758098,0.33717509,0.537516875,0.55107572,0.516855969,1,0.36660585,0.624162012,0.794121025,0.042942318,0.265589446,0.295141818,0.17042532,0.362882269,0.514608978,0.332393786,0.652728289,0.606123374,-0.46736421,-0.56803714,0.651470415,0.397302887,0.435425845,-0.106603575,0.107654026,0.013647684,-0.093335476,0.041774717
Prop.Female.Poverty.18.24,0.245675824,0.063700567,-0.048409286,-0.060760894,0.415147241,0.388453417,0.007998343,0.307110586,0.27479888,0.326402323,0.105666633,-0.004525079,0.330336084,0.226220507,-0.360919655,-0.326691767,-0.096885439,-0.039517711,0.055619442,0.007466355,-0.08986339,0.087968535,0.020090191,-0.084625814,0.185531658,0.333211041,0.046626697,0.114108296,0.253929514,0.174634763,0.199491601,0.122052695,0.110846582,0.310352896,0.348778892,0.289909135,-0.0057839,0.009121387,0.116258305,0.086053945,0.26256582,-0.105027101,0.077504711,-0.168905684,-0.26256582,-0.032155422,0.011358772,0.155063199,0.168576152,0.230676289,0.36660585,1,0.147357802,0.587764828,-0.10371238,-0.017976081,0.049263403,-0.004178253,0.159835147,0.646861129,0.952494005,0.188973771,0.564966852,-0.305230669,-0.078236623,0.300432415,0.051087803,0.278072958,-0.143272691,0.193055878,0.016929035,-0.048089856,0.027068228
Prop.Female.17.and.Under,0.324870763,0.606823158,-0.134203411,-0.133500296,0.333120216,0.259956299,0.122474317,0.221208839,-0.162493228,-0.143258168,0.067496711,0.060994485,0.444172912,0.40581153,-0.378128655,-0.321184906,-0.059793587,-0.032471901,0.275116803,0.294896242,-0.025995262,-0.037088372,-0.000967817,-0.106119617,0.294921211,0.049852201,-0.276970673,0.334176705,0.278628659,0.36562241,0.229087213,0.162167875,0.491431861,0.404706698,0.620491827,0.657620686,0.243626806,0.070652622,0.184818597,0.283488375,0.624279644,-0.086259064,-0.35549816,-0.563341713,-0.624279644,0.072817062,0.367463562,0.498195663,0.563535104,0.732841001,0.624162012,0.147357802,1,0.802989228,-0.022509435,0.295654981,0.26968066,0.111303196,0.308929101,0.466879281,0.124848146,0.751494947,0.525004721,-0.364376159,-0.705939499,0.662936797,0.460863575,0.393039221,-0.012973941,-0.003513587,0.014358302,-0.028008261,-0.04892841
Prop.Female.Poverty,0.42184999,0.610097593,-0.223973886,-0.230443745,0.415583432,0.342520046,0.052606565,0.284553972,-0.082430669,-0.040162594,0.124558743,0.015489638,0.440135151,0.369837318,-0.391553331,-0.327428839,-0.094236915,-0.050036247,0.24198449,0.367434577,-0.082567201,-0.054657804,0.046873959,-0.133434708,0.374277591,0.212787914,-0.287493108,0.376530284,0.372947549,0.456994874,0.261754183,0.155612315,0.482036969,0.517804719,0.663213056,0.682055237,0.238068674,0.081185861,0.260334412,0.338339844,0.661874068,-0.073333492,-0.330748155,-0.615197538,-0.661874068,0.21004195,0.476550482,0.670488574,0.708773574,0.751828859,0.794121025,0.587764828,0.802989228,1,0.053934335,0.313400048,0.381946123,0.181020535,0.381848705,0.721320694,0.543953622,0.73845592,0.774466706,-0.573417723,-0.711402637,0.735244545,0.557287564,0.544922158,-0.12835058,0.135290001,0.02723562,-0.066466176,0.005451573
Prop.Male.Poveryy.75.,-0.125031218,0.250018396,-0.213862145,-0.22409969,-0.264611381,-0.307752686,0.011945109,-0.14354794,-0.237573193,-0.255208478,-0.076058871,-0.106456079,-0.199333768,-0.133960472,0.253493634,0.200325728,0.090199154,-0.03842808,-0.097466737,0.225030226,0.00646558,-0.215181508,-0.026519657,0.065201218,-0.079045196,-0.040201996,-0.150357779,-0.04501604,-0.151482143,-0.043557752,-0.151891839,-0.146712848,-0.141958203,-0.10616758,-0.190550055,-0.197633066,-0.003383897,0.041504672,-0.09955964,-0.078530779,-0.185447668,0.430719965,-0.275657827,-0.233524623,0.185447668,0.347384804,0.26384603,0.253600458,0.164084365,-0.042963925,0.042942318,-0.10371238,-0.022509435,0.053934335,1,0.336881351,0.220666083,0.232083073,-0.006703785,-0.104600462,-0.116451045,-0.153329934,0.048996626,-0.218563401,-0.16221144,-0.084064019,0.404205075,0.224927613,-0.046581225,0.07982266,0.056692807,-0.105220415,0.124346153
Prop.Male.Poverty.65.74,0.043967767,0.404078688,-0.263776693,-0.298396966,-0.065651208,-0.164489807,0.054274542,-0.063209674,-0.196369618,-0.202993358,-0.057969797,-0.154475443,-0.019181612,-0.060019106,0.097405345,0.092220242,-0.039233227,-0.033297093,0.074015013,0.330680902,0.108976065,-0.271482275,-0.063732772,-0.057364828,0.042334045,-0.016808983,-0.206210442,0.034429406,0.028762273,0.098414833,-0.067269997,-0.075991494,0.251982402,0.148517085,0.129919142,0.209573455,0.165406967,0.188870888,0.273415101,0.306241581,0.269092148,0.141663199,-0.308669838,-0.419804234,-0.269092148,0.020837175,0.287376929,0.391685413,0.467406037,0.220490705,0.265589446,-0.017976081,0.295654981,0.313400048,0.336881351,1,0.538759168,0.595186734,0.552884216,0.301954682,-0.008022474,0.229256014,0.519816401,-0.367423025,-0.37834673,0.182368254,0.518609837,0.182746418,-0.085915839,0.116268557,0.019957401,-0.093604077,0.129421689
Prop.Male.Poverty.55.64,0.146918059,0.321842233,-0.245829263,-0.254187225,-0.027417966,-0.04569334,-0.008298388,-0.077803836,-0.211970395,-0.200696478,-0.083409121,-0.113860808,0.073792458,0.072497397,0.0077896,-0.015744319,0.025768754,0.031911691,0.098024981,0.350668051,-0.080265557,-0.184048172,0.038724776,-0.078730695,0.101394486,0.066875333,-0.155383598,0.1623995,0.109362357,0.243821957,0.027029096,-0.032677776,0.370770107,0.243659664,0.239095076,0.340864966,0.090463256,0.09658492,0.359624563,0.329059805,0.382752608,0.069783216,-0.31266438,-0.466780841,-0.382752608,0.252052828,0.222507732,0.554203171,0.49245221,0.306831791,0.295141818,0.049263403,0.26968066,0.381946123,0.220666083,0.538759168,1,0.709984448,0.600698365,0.544776826,0.087806709,0.322910469,0.698757162,-0.391729532,-0.418447913,0.259940873,0.513579446,0.337092684,-0.007896899,0.025530816,0.048683914,0.032456624,-0.000325643
Prop.Male.Poverty.45.54,0.029194716,0.124812332,-0.207382087,-0.175981429,-0.160982778,-0.208834243,-0.046736045,-0.212251709,-0.191686505,-0.182812156,-0.128983814,0.037801354,-0.060591947,0.035509522,0.108996291,0.030529382,0.162502954,-0.093328679,-0.046144988,0.180378762,-0.001281213,-0.258126217,0.019819204,0.042952685,0.083744101,0.008745235,0.005054597,0.009120519,0.01219823,0.052937111,-0.036105676,-0.035596546,0.231451776,0.19223086,0.191316172,0.241300874,0.096241728,0.177330534,0.364058279,0.335822257,0.304377967,0.077055081,-0.155751856,-0.392536256,-0.304377967,0.180279297,-0.023750337,0.283031294,0.359191856,0.138721588,0.17042532,-0.004178253,0.111303196,0.181020535,0.232083073,0.595186734,0.709984448,1,0.681835534,0.351322009,0.029797285,0.122038583,0.613885876,-0.423082019,-0.179973643,0.172263278,0.354578934,0.220210339,-0.046091145,0.054314329,0.050703468,-0.107225636,0.146571478
Prop.Male.Poverty.35.44,0.104968406,0.234865983,-0.156267589,-0.112962232,0.042421793,-0.015582887,-0.012523562,-0.007157569,-0.157030099,-0.142970388,-0.055506936,0.079061216,0.08780449,0.217252692,-0.081852171,-0.112384811,0.151566721,-0.035688222,0.049728631,0.151500501,-0.103402588,-0.204725863,0.008484208,0.098762948,0.145822849,0.120540676,0.015105175,0.083269504,0.068065256,0.143791313,0.062665176,-0.025265128,0.416358793,0.354602537,0.364149765,0.447629832,0.199531197,0.331751512,0.392766391,0.417828803,0.497991995,-0.151178699,-0.104931622,-0.367871377,-0.497991995,0.07122119,0.013394837,0.257100121,0.322646966,0.455258904,0.362882269,0.159835147,0.308929101,0.381848705,-0.006703785,0.552884216,0.600698365,0.681835534,1,0.511588519,0.177045498,0.365303123,0.722507441,-0.374154719,-0.30775598,0.373371114,0.285803641,0.317521697,-0.031738707,0.059110584,0.028037825,-0.052018857,0.070498153
Prop.Male.Poverty.25.34,0.404944685,0.283347609,-0.17198234,-0.179375663,0.405140537,0.369968136,0.038791598,0.225223722,0.061926575,0.098974449,0.009902304,-0.041889804,0.401026158,0.316868758,-0.372841659,-0.334490403,-0.084011213,-0.025539735,0.216191042,0.210160557,-0.133741978,0.009784034,0.062082903,-0.121948543,0.240444701,0.266831203,-0.090314082,0.30433747,0.408951836,0.37518457,0.281040475,0.114440645,0.432175672,0.396216558,0.48820732,0.539364493,0.034825878,0.176236145,0.368358458,0.303496057,0.53508181,-0.122241802,-0.177615233,-0.435047153,-0.53508181,0.103196913,0.175233705,0.429486836,0.433062911,0.522826049,0.514608978,0.646861129,0.466879281,0.721320694,-0.104600462,0.301954682,0.544776826,0.351322009,0.511588519,1,0.661652573,0.5367409,0.866023943,-0.452294878,-0.416146656,0.498724272,0.352712592,0.40393248,-0.036349093,0.07818013,-0.003717675,-0.026015697,-0.002145081
Prop.Male.Poverty.18.24,0.281601568,0.023646463,-0.03588909,-0.052604484,0.416533733,0.39532563,0.005554504,0.301001787,0.336684261,0.387816075,0.085709924,-0.027050945,0.338968214,0.237959276,-0.378868708,-0.358145155,-0.079979506,-0.056860686,0.050770774,-0.025744019,-0.071644146,0.121156652,0.07767406,-0.126946701,0.179381494,0.345188392,0.084242502,0.13504225,0.311812985,0.171076443,0.218279997,0.108894683,0.124729309,0.220933474,0.305320633,0.267138655,0.023345225,-0.000565013,0.117064435,0.103574542,0.249831259,-0.133787945,0.113056833,-0.127212136,-0.249831259,-0.070728707,-0.005689203,0.125474568,0.165671882,0.212301368,0.332393786,0.952494005,0.124848146,0.543953622,-0.116451045,-0.008022474,0.087806709,0.029797285,0.177045498,0.661652573,1,0.159622402,0.592087446,-0.261397724,-0.043166445,0.244501829,0.028993657,0.218299023,-0.06360834,0.116552224,-0.00325642,0.007795564,-0.033114741
Prop.Male.Poverty.Under.17,0.472174347,0.560280321,-0.074633061,-0.093798728,0.406367986,0.391213755,0.038074853,0.117684997,-0.131224014,-0.119286522,0.170639382,-0.039103613,0.435783093,0.30266724,-0.362718876,-0.256070645,-0.201069996,-0.003289258,0.313525278,0.252540081,0.030869661,-0.008660857,0.095183662,-0.199542749,0.426410609,0.237243276,-0.199857806,0.439623006,0.408135577,0.510451945,0.359822376,0.284528734,0.512261055,0.465800139,0.644773889,0.684126052,0.193162895,0.264523352,0.388090267,0.410537706,0.687006488,-0.208853721,-0.349843986,-0.507206585,-0.687006488,0.083753438,0.331090861,0.543747377,0.555334619,0.746393875,0.652728289,0.188973771,0.751494947,0.73845592,-0.153329934,0.229256014,0.322910469,0.122038583,0.365303123,0.5367409,0.159622402,1,0.647078368,-0.359612123,-0.696333087,0.717763589,0.400616711,0.326021819,-0.057135715,0.091200462,-0.00814114,0.007738854,-0.032100854
Prop.Male.Poverty,0.384690228,0.411012576,-0.207683095,-0.212577654,0.317773234,0.26683152,0.011706537,0.119545434,-0.033690239,0.00102292,0.037106526,-0.044385668,0.350497939,0.29250902,-0.302106559,-0.279683206,-0.049437802,-0.054288501,0.177414881,0.268614573,-0.058297543,-0.10543535,0.080886567,-0.128470219,0.317507521,0.28945961,-0.095294154,0.298157938,0.356044238,0.385369411,0.25072795,0.13261422,0.484598888,0.456695945,0.56320809,0.61548893,0.162322413,0.243881288,0.457174343,0.445774027,0.642910312,-0.107027134,-0.24648724,-0.562149773,-0.642910312,0.131759452,0.208834892,0.544290132,0.583217708,0.594277113,0.606123374,0.564966852,0.525004721,0.774466706,0.048996626,0.519816401,0.698757162,0.613885876,0.722507441,0.866023943,0.592087446,0.647078368,1,-0.556295562,-0.520585721,0.576584207,0.474417262,0.442428566,-0.076456548,0.128613396,0.023647442,-0.038124543,0.035781676
Prop.3.Earner,-0.164946799,-0.365613831,0.632188759,0.574483901,7.28E-05,0.040356956,0.218322308,0.015756701,0.384103086,0.339170951,0.304400212,-0.066583008,-0.025908326,-0.230321962,0.005340692,0.024647222,-0.212869971,0.1058155,-0.052973089,-0.505728811,0.037271448,0.304916397,-0.066096494,0.000904784,-0.225444358,-0.046892741,0.36393587,-0.080579525,-0.108596029,-0.287787637,0.033499473,0.01103204,-0.188910719,-0.302645122,-0.358333912,-0.334025072,-0.048358323,-0.104976873,-0.139357168,-0.135231545,-0.314243898,-0.341332477,0.316162821,0.664308685,0.314243898,-0.338955193,-0.368815593,-0.536622808,-0.481882212,-0.374315559,-0.46736421,-0.305230669,-0.364376159,-0.573417723,-0.218563401,-0.367423025,-0.391729532,-0.423082019,-0.374154719,-0.452294878,-0.261397724,-0.359612123,-0.556295562,1,0.372305062,-0.504371225,-0.698690325,-0.584984297,0.090504611,-0.073089776,-0.212851815,0.121472762,-0.107439151
Prop.2.Earner,-0.236901315,-0.824491311,0.173273501,0.19950694,-0.201276691,-0.124624363,-0.084497734,-0.155145209,0.279488181,0.268912179,-0.198069108,0.083624212,-0.252134531,-0.180778694,0.151982193,0.099885744,0.108320865,0.019493339,-0.191239764,-0.3460728,-0.044312908,0.074809819,-0.046935826,0.116472836,-0.220619424,-0.084968951,0.361276587,-0.3125136,-0.176412847,-0.324373412,-0.111131542,-0.087174701,-0.481566046,-0.319775311,-0.42905355,-0.52307239,-0.257888873,-0.237959184,-0.360413227,-0.426806195,-0.561960186,-0.091146207,0.589160374,0.674139014,0.561960186,-0.230700908,-0.494026033,-0.64614591,-0.692362582,-0.685519399,-0.56803714,-0.078236623,-0.705939499,-0.711402637,-0.16221144,-0.37834673,-0.418447913,-0.179973643,-0.30775598,-0.416146656,-0.043166445,-0.696333087,-0.520585721,0.372305062,1,-0.746538092,-0.711544436,-0.467005972,0.141708718,-0.129393706,-0.060719013,0.116262014,-0.095823495
Prop.1.Earner,0.364213038,0.501970997,-0.113465999,-0.107357085,0.376360623,0.31783761,-0.078147863,0.259911481,-0.105682643,-0.073669931,0.12550317,0.003314079,0.362065578,0.327861623,-0.339130945,-0.255073752,-0.089982605,-0.037921969,0.153067185,0.229415941,0.019098122,-0.012730742,0.10904225,-0.081834151,0.401917741,0.184877395,-0.272562395,0.310776936,0.305035772,0.389398169,0.267020352,0.165839429,0.526938024,0.53555624,0.721349462,0.743119216,0.309413428,0.25150411,0.329382888,0.432836366,0.741991087,-0.202090248,-0.285901866,-0.571035056,-0.741991087,0.233307368,0.28044862,0.524785352,0.531579305,0.625846312,0.651470415,0.300432415,0.662936797,0.735244545,-0.084064019,0.182368254,0.259940873,0.172263278,0.373371114,0.498724272,0.244501829,0.717763589,0.576584207,-0.504371225,-0.746538092,1,0.320461193,0.375120365,-0.110430657,0.100502294,-0.003743019,-0.156577569,0.117441801
Prop.No.Earners,0.065512553,0.724948418,-0.546621742,-0.538336468,-0.102697279,-0.164589695,-0.000555626,-0.0649048,-0.488273063,-0.471594074,-0.113245659,-0.044639331,-0.017136778,0.082748818,0.120227468,0.09104091,0.113533435,-0.065653688,0.114106573,0.544743233,0.004342698,-0.291102526,0.005991435,-0.056422135,0.060014503,-0.031392237,-0.421489761,0.130718447,0.009781746,0.227328583,-0.13131592,-0.05496286,0.207732628,0.109301663,0.10962733,0.174481416,0.049809725,0.118617824,0.209081049,0.189695573,0.202829048,0.517105454,-0.620006671,-0.722474755,-0.202829048,0.29620467,0.560713618,0.638865672,0.642974932,0.477592347,0.397302887,0.051087803,0.460863575,0.557287564,0.404205075,0.518609837,0.513579446,0.354578934,0.285803641,0.352712592,0.028993657,0.400616711,0.474417262,-0.698690325,-0.711544436,0.320461193,1,0.608476749,-0.124317383,0.106858036,0.222988432,-0.08037242,0.081401369
X2018.Normalized.Per.Capital.Income.Dollars,0.027351806,0.45490082,-0.454618715,-0.377730404,-0.071944988,-0.087418395,-0.010572233,0.007741294,-0.572612031,-0.523080662,-0.169629979,0.081654494,-0.072154709,0.205290043,0.12656998,0.053330133,0.313537583,-0.068609576,0.051857286,0.394879413,-0.148422624,-0.200039717,0.048525695,0.070917627,0.075126629,0.059705318,-0.300677859,-0.004670471,-0.019425182,0.162946539,-0.193532145,-0.195132867,0.131718499,0.296272682,0.218401472,0.211578844,0.081267578,0.212754029,0.270722283,0.255353208,0.254181692,0.286699077,-0.418933879,-0.54783341,-0.254181692,0.24555639,0.357572578,0.442545753,0.425487396,0.405302984,0.435425845,0.278072958,0.393039221,0.544922158,0.224927613,0.182746418,0.337092684,0.220210339,0.317521697,0.40393248,0.218299023,0.326021819,0.442428566,-0.584984297,-0.467005972,0.375120365,0.608476749,1,-0.131042794,0.156180332,0.41053421,-0.054770581,0.05139799
X2018.percent.change,-0.06903864,-0.23503855,-0.135256652,-0.120390847,-0.250848062,-0.190295751,0.176864409,-0.090243373,-0.047967299,-0.038782198,-0.305202776,-0.081271945,-0.051973395,-0.009494592,0.048450782,0.056144863,0.043557909,0.04905378,0.030648656,0.0616537,-0.223616535,0.017178815,-0.062772752,0.033617839,0.02162603,-0.027499368,0.048781008,-0.033799721,-0.083961207,-0.092985221,0.023224495,0.009016007,-0.072702203,-0.188463772,-0.061002769,-0.076411354,-0.138542955,0.035891164,0.012499606,-0.070769262,-0.084827967,-0.010758457,0.138411271,0.098792597,0.084827967,0.025274294,-0.124014039,-0.147336495,-0.126224561,-0.030183407,-0.106603575,-0.143272691,-0.012973941,-0.12835058,-0.046581225,-0.085915839,-0.007896899,-0.046091145,-0.031738707,-0.036349093,-0.06360834,-0.057135715,-0.076456548,0.090504611,0.141708718,-0.110430657,-0.124317383,-0.131042794,1,-0.940409785,-0.002040463,0.774500145,-0.720563641
X2018.rank.percent..change,0.059753544,0.250758248,0.157971185,0.143636267,0.261669033,0.205799845,-0.104444436,0.075823238,0.053445803,0.044150951,0.278503385,0.05503256,0.063109699,0.022849965,-0.059962337,-0.068940943,-0.041296854,-0.073941847,-0.050143764,-0.143881091,0.231403915,-0.010152788,0.100176465,0.000465797,-0.060217718,0.010449758,0.027451248,0.038613148,0.080982653,0.089541112,-0.038030844,-0.005815965,0.063144766,0.210430917,0.077574021,0.083038337,0.087849701,0.025073066,0.04226222,0.083472375,0.094317978,-0.027568094,-0.113822648,-0.070727107,-0.094317978,-0.076747118,0.15736842,0.132153663,0.117445719,0.006057308,0.107654026,0.193055878,-0.003513587,0.135290001,0.07982266,0.116268557,0.025530816,0.054314329,0.059110584,0.07818013,0.116552224,0.091200462,0.128613396,-0.073089776,-0.129393706,0.100502294,0.106858036,0.156180332,-0.940409785,1,0.01377939,-0.705507577,0.724235194
Normalize.2018.GDP,-0.205480627,0.134278933,-0.476546168,-0.455541334,-0.15541087,-0.156552642,-0.030354566,-0.109647292,-0.543675254,-0.507813212,-0.303778883,-0.14607281,-0.386112019,-0.25044535,0.444682821,0.420063873,0.107474605,0.008938032,-0.008629748,0.206172402,0.065919987,-0.272404313,-0.002164549,0.123025901,-0.12708537,-0.035311725,-0.162669649,-0.361633769,-0.220702424,-0.022424225,-0.600297761,-0.293606814,-0.336618841,0.070393929,-0.07057555,-0.21014618,-0.222364277,0.096940335,0.074800309,-0.0714891,-0.193286043,0.344556447,-0.17042768,-0.140114926,0.193286043,0.069136374,0.010653361,0.032624381,0.028881526,-0.007177868,0.013647684,0.016929035,0.014358302,0.02723562,0.056692807,0.019957401,0.048683914,0.050703468,0.028037825,-0.003717675,-0.00325642,-0.00814114,0.023647442,-0.212851815,-0.060719013,-0.003743019,0.222988432,0.41053421,-0.002040463,0.01377939,1,0.017269677,-0.000473619
Percent.Change...2018,-0.001121888,-0.162245156,-0.053509205,-0.050315269,-0.070043077,-0.004073785,0.215784386,-0.006537706,-0.036132238,-0.01340513,-0.129205222,-0.051881828,0.013547473,0.006708411,-0.006916558,0.009951768,-0.011702685,0.03436204,0.124341581,0.031530991,-0.222176827,0.130431035,-0.078450254,-0.0330778,0.057984991,0.03708426,0.019912286,0.066416527,-0.033004964,0.008135292,0.044735148,-0.033920292,0.018770438,-0.174663635,-0.039893676,-0.017997201,-0.109479794,0.03509734,0.014606453,-0.052286605,-0.031551724,-0.073034244,0.100348843,0.105058379,0.031551724,0.035589625,-0.012482138,-0.123539535,-0.125184927,0.065205263,-0.093335476,-0.048089856,-0.028008261,-0.066466176,-0.105220415,-0.093604077,0.032456624,-0.107225636,-0.052018857,-0.026015697,0.007795564,0.007738854,-0.038124543,0.121472762,0.116262014,-0.156577569,-0.08037242,-0.054770581,0.774500145,-0.705507577,0.017269677,1,-0.929728054
Rank.in.State.for.Percent.Change...2018,-0.077866326,0.180914168,0.0688522,0.073320884,0.017524705,-0.02974831,-0.163210178,-0.051786006,0.011208415,-0.011617295,0.147158881,0.069212728,-0.057629171,-0.027646759,0.050892782,0.019510972,0.0434514,-0.067512447,-0.147199008,-0.10420737,0.219141777,-0.103623008,0.133392182,0.011049115,-0.119354812,-0.070858944,0.085290435,-0.121004232,-0.039086146,-0.099298604,-0.103105964,0.029306388,-0.045717203,0.155679919,-0.02098939,-0.03627249,0.01626289,0.049353714,0.058837841,0.054685581,-0.011586327,0.097874819,-0.106107967,-0.08481425,0.011586327,-0.105215261,0.040011846,0.095992998,0.103788196,-0.116415825,0.041774717,0.027068228,-0.04892841,0.005451573,0.124346153,0.129421689,-0.000325643,0.146571478,0.070498153,-0.002145081,-0.033114741,-0.032100854,0.035781676,-0.107439151,-0.095823495,0.117441801,0.081401369,0.05139799,-0.720563641,0.724235194,-0.000473619,-0.929728054,1
