RowNumber,CustomerId,Surname,CreditScore,Geography,Gender,Age,Tenure,Balance,NumOfProducts,HasCrCard,IsActiveMember,EstimatedSalary,confidence(1)
9211,15792650,Watts,382,Spain,Male,36,0,0,1,1,1,179540.73,0.993674419
9256,15622033,Rapuluchukwu,847,Germany,Female,41,3,101543.51,4,1,0,16025.17,0.98604588
9439,15641175,Munro,701,Germany,Male,63,3,120916.52,3,0,0,144727.45,0.984641541
9233,15635364,Gray,618,France,Female,49,9,44301.43,3,1,1,89729.3,0.984415737
9896,15796764,Bruno,684,Germany,Female,56,3,127585.98,3,1,1,80593.49,0.983698113
9625,15668309,Maslow,350,France,Female,40,0,111098.85,1,1,1,172321.21,0.982218092
9748,15775761,Iweobiegbunam,610,Germany,Female,69,5,86038.21,3,0,0,192743.06,0.978973593
9324,15815316,Kennedy,644,France,Male,50,9,76817,4,1,0,196371.13,0.974973484
9357,15734711,Loggia,373,France,Male,42,7,0,1,1,0,77786.37,0.971534853
9412,15796115,Forbes,689,Germany,Female,40,4,78119.59,4,1,0,119259.34,0.970896967
9566,15752294,Long,582,France,Female,38,9,135979.01,4,1,1,76582.95,0.967316594
9541,15634551,Williamson,727,Germany,Male,46,3,115248.11,4,1,0,130752.01,0.965361435
9019,15680611,Rose,663,France,Male,67,9,0,3,1,1,72318.77,0.964611816
9317,15766355,Lettiere,550,Germany,Male,49,0,108806.96,3,1,0,61446.92,0.964198771
9107,15663650,Russell,698,Germany,Male,52,10,107304.39,3,1,0,28806.32,0.963475978
9717,15706458,Pan,812,Germany,Male,39,5,115730.71,3,1,1,185599.34,0.951877748
9555,15593778,Craig,779,France,Female,29,3,46388.16,3,1,0,127939.26,0.945408792
9561,15658409,Mao,686,France,Male,41,5,128876.71,3,1,1,106939.34,0.933495252
9371,15732438,Cheng,561,France,Male,43,4,0,4,0,0,18522.91,0.91278686
9154,15636977,Trevisan,507,Germany,Male,36,9,118214.32,3,1,0,119110.03,0.911831358
9216,15624180,Genovesi,584,Germany,Female,37,10,134171.8,4,1,1,70927.11,0.897316594
9611,15812534,Chiemenam,455,France,Male,40,1,0,3,0,1,129975.34,0.887471246
9878,15572182,Onwuamaeze,505,Germany,Female,33,3,106506.77,3,1,0,45445.78,0.887091296
9801,15640507,Li,762,Spain,Female,35,3,119349.69,3,1,1,47114.18,0.877844663
9614,15737025,Roberts,635,France,Male,33,1,0,3,0,0,178067.33,0.862309245
9207,15611767,Mai,624,Germany,Female,52,0,133723.43,1,0,0,4859.59,0.83861535
9603,15603135,Boni,634,Germany,Female,59,3,95727.05,1,0,0,97939.4,0.836732529
9333,15638882,Cardell,710,Germany,Female,62,9,148214.36,1,1,0,48571.14,0.83331103
9061,15770474,Myers,685,France,Female,33,1,0,3,0,1,70221.13,0.82231259
9437,15771000,Powell,684,France,Male,38,4,0,3,1,0,75609.84,0.814103027
9479,15651900,Bergamaschi,782,Germany,Female,53,1,81571.05,1,1,0,182960.46,0.813284882
9039,15657349,Carter,803,Germany,Female,50,8,98173.02,1,0,0,22457.25,0.811511659
9820,15813946,Duffy,637,Germany,Male,51,1,104682.83,1,1,0,55266.96,0.810364811
9694,15728963,Wei,617,Germany,Female,51,10,167273.71,1,0,0,93439.75,0.810075337
9578,15807120,Oluchukwu,841,Germany,Female,52,3,112383.03,1,1,0,85516.37,0.807375935
9139,15771668,Henderson,578,France,Male,59,10,185966.64,1,0,0,9445.42,0.806609841
9385,15686242,Otutodilichukwu,771,France,Female,57,4,0,1,0,0,85876.67,0.805642046
9312,15608381,Dean,585,Germany,Male,50,2,125845.66,1,1,0,9439.31,0.80518387
9208,15643770,Yu,682,France,Female,52,5,112670.48,1,1,0,21085.17,0.802076371
9992,15769959,Ajuluchukwu,597,France,Female,53,4,88381.21,1,1,0,69384.71,0.799684667
9235,15766044,Cameron,642,Germany,Male,49,4,120688.61,1,1,0,24770.22,0.795707192
9415,15632280,Toth,544,Spain,Female,53,9,0,1,1,0,125692.07,0.793937805
9219,15806318,Wright,676,Germany,Female,48,2,124442.38,1,1,0,15068.53,0.793624752
9351,15689344,Montgomery,615,Spain,Male,42,4,0,3,0,1,120321.09,0.793158652
9477,15571529,Kirby,650,Germany,Female,48,7,138232.24,1,1,0,57594.78,0.791318336
9277,15623989,Griffin,435,France,Male,54,3,0,1,1,0,156910.46,0.791266894
9493,15775192,Rounsevell,732,Germany,Female,48,4,102962.62,1,1,0,120852.85,0.790595543
9467,15592716,Clarke,559,France,Male,52,2,0,1,1,0,129013.59,0.779951079
9221,15600399,Trentino,598,France,Male,60,4,0,1,1,0,197727.14,0.775411387
9322,15686099,Ruse,563,Spain,Male,61,1,82182.1,1,1,0,106826.92,0.772001018
9053,15597949,Gilbert,768,Germany,Female,47,5,104552.61,1,1,0,48137.08,0.771177984
9720,15724321,Baresi,516,Germany,Female,47,9,128298.74,1,0,0,149614.17,0.769596129
9771,15659327,Moffitt,520,France,Male,49,5,121197.64,1,1,0,72577.33,0.765199106
9636,15658768,Lucas,547,France,Female,49,2,0,1,0,0,65466.93,0.764572334
9136,15664432,Chao,727,Spain,Female,49,7,96296.78,1,1,0,190457.87,0.758096266
9402,15601857,Woodhouse,705,Germany,Female,46,4,115518.07,1,0,0,76544.9,0.757970633
9983,15768163,Griffin,655,Germany,Female,46,7,137145.12,1,1,0,115146.4,0.757780969
9286,15713632,Ham,551,Spain,Female,48,5,95679.29,1,0,0,94978.1,0.755059627
9031,15799635,Arbour,577,Spain,Male,51,2,108867,1,0,0,140800.66,0.753981676
9337,15594450,Tomlinson,695,France,Male,49,9,159458.53,1,1,0,135841.35,0.753070033
9693,15693690,Iweobiegbunam,574,Spain,Male,52,7,115532.52,1,1,0,196257.67,0.7516273
9699,15771477,Fiorentini,779,France,Male,49,9,106160.37,1,0,0,116893.87,0.750468836
9171,15616028,T'ao,694,France,Male,30,2,0,3,0,1,15039.41,0.74231259
9085,15593499,Stevens,686,Spain,Female,47,6,0,1,1,0,32080.69,0.740616636
9821,15762762,Onyekachukwu,648,Germany,Female,45,5,118886.55,1,0,0,51636.7,0.731792663
9377,15657306,Kershaw,567,France,Female,47,2,0,1,0,0,110900.43,0.730871471
9624,15796790,Amaechi,573,France,Female,47,8,154543.98,1,1,0,29586.73,0.730530349
9526,15699415,Lewis,618,France,Female,46,6,150213.71,1,1,0,120668.46,0.727906468
9460,15640580,Obiora,650,France,Female,47,9,0,1,1,0,187943.6,0.727847687
9534,15733361,Davide,651,Germany,Female,45,6,86714.06,1,1,0,85869.89,0.726002774
9042,15724336,Yates,513,Germany,Female,49,5,171601.27,1,1,0,126223.84,0.725757897
9182,15655368,Wheeler,672,France,Male,47,1,0,1,0,0,91574.92,0.723674542
9934,15765375,Butusov,797,France,Female,46,8,0,1,0,0,162668.33,0.723426908
9957,15707861,Nucci,520,France,Female,46,10,85216.61,1,1,0,117369.52,0.723296895
9800,15722731,Manna,653,France,Male,46,0,119556.1,1,1,0,78250.13,0.712658622
9072,15610643,De Luca,435,Germany,Male,44,3,151739.65,1,1,0,167461.5,0.708135609
9950,15798615,Wan,850,France,Female,47,9,137301.87,1,1,0,44351.77,0.703141702
9237,15635388,Austin,640,Spain,Male,47,6,89047.14,1,1,0,116286.25,0.702026356
9045,15653347,Chiu,560,Spain,Male,47,1,0,1,0,0,128882.66,0.700336122
9409,15767818,Graham,640,France,Male,55,10,132436.34,1,1,0,978.66,0.696968903
9559,15801411,Green,623,Spain,Male,46,4,0,1,1,0,5549.11,0.693275238
9172,15660475,Ndubueze,411,France,Female,54,9,0,1,0,1,76621.49,0.692401644
9129,15764033,Lin,693,Germany,Female,43,1,121927.92,1,1,0,87994.95,0.680662887
9029,15695299,Mordvinova,590,France,Female,45,2,81828.22,1,1,0,52167.97,0.678819315
9360,15606944,Fleming,645,Germany,Male,43,9,140121.17,1,1,0,11302.7,0.670554367
9394,15686060,Chou,670,Germany,Male,43,9,111677.88,1,1,0,178827.3,0.668025297
9686,15644280,Udegbunam,593,France,Male,45,4,138825.19,1,0,0,10828.78,0.66705459
9146,15621768,Chukwuhaenye,712,Spain,Male,45,6,112994.65,1,0,0,198398.68,0.658999331
9601,15570533,Conti,621,Germany,Female,55,7,131033.76,1,0,1,75685.59,0.65513217
9103,15810942,Chiemela,445,Germany,Female,61,2,137655.31,1,0,1,29909.84,0.653244873
9690,15728005,Urban,698,France,Female,57,9,111359.55,2,1,0,105715.01,0.650124722
9902,15802909,Hu,706,Germany,Female,56,3,139603.22,1,1,1,86383.61,0.64668678
9315,15645371,Cameron,613,Germany,Female,51,7,147262.11,1,1,1,53630.9,0.645196442
9918,15755731,Davis,635,Germany,Male,53,8,117005.55,1,0,1,123646.57,0.644767575
9925,15578865,Palerma,632,Germany,Female,50,5,107959.39,1,1,1,6985.34,0.642304738
9963,15594612,Flynn,702,Spain,Male,44,9,0,1,0,0,59207.41,0.641974487
9065,15632816,Williams,521,Germany,Female,49,2,127948.57,1,1,1,182765.14,0.641059157
9505,15591724,Liu,560,France,Female,44,5,143244.97,1,1,0,98661.27,0.639443941
9833,15814690,Chukwujekwu,595,Germany,Female,64,2,105736.32,1,1,1,89935.73,0.638678205
9770,15703707,Atkins,656,France,Male,44,10,143571.52,1,0,0,127444.14,0.638118614
9166,15669946,Jen,663,Germany,Female,46,2,141726.88,1,1,1,58257.23,0.63635626
9444,15687001,Chiemenam,596,Germany,Male,54,1,123544,1,1,1,120314.75,0.635198593
9035,15772337,Lawrence,723,Germany,Female,49,0,153855.52,1,1,1,180862.26,0.634824269
9339,15691543,Lennox,558,Germany,Male,58,2,142537.18,1,1,1,88791.83,0.632815373
9654,15735799,Maconochie,527,Germany,Male,58,3,137318.42,1,1,1,126144.96,0.632815373
9296,15740868,Pirogova,658,Germany,Female,45,9,134562.8,1,1,1,159268.67,0.632092708
9352,15606076,Golubev,718,Germany,Male,63,7,123204.88,1,1,1,100538.8,0.630040598
9558,15757310,Otitodilichukwu,655,Germany,Male,67,6,148363.38,1,1,1,186995.17,0.628166966
9163,15606097,Zakharov,665,Germany,Male,63,7,104469.58,1,1,1,25165.36,0.627799219
9912,15776229,MacPherson,682,France,Male,44,3,115282.3,1,0,0,23766.4,0.627305659
9880,15669414,Pisano,486,Germany,Male,62,9,118356.89,2,1,0,168034.83,0.627009167
9079,15705448,Gilbert,647,Germany,Male,52,7,130013.12,1,1,1,190806.36,0.625504884
9745,15785358,Gresswell,586,Germany,Male,46,8,106968.96,1,1,1,79366.98,0.625477274
9860,15615430,Adams,678,Germany,Male,55,4,129646.91,1,1,1,184125.1,0.623263505
9835,15799358,Vincent,516,France,Female,46,6,62212.29,1,0,1,171681.86,0.620046447
9499,15701932,Millar,586,France,Female,52,6,140900.97,1,1,1,67288.89,0.616939164
9710,15682839,Genovesi,575,France,Female,57,8,137936.94,1,1,1,84475.13,0.616939164
9504,15698792,Keldie,671,France,Female,48,6,119769.77,1,0,1,66032.65,0.61636845
9885,15686974,Sergeyeva,751,France,Female,48,4,0,1,0,1,30165.06,0.61636845
9338,15797751,Pai,466,Germany,Female,47,5,102085.72,1,1,1,183536.24,0.614825553
9532,15717010,Yu,741,France,Female,60,5,0,1,1,1,38914.51,0.613939164
9751,15591985,Stewart,708,France,Female,51,8,70754.18,1,1,1,92920.04,0.613939164
9719,15704053,T'ang,710,Spain,Male,62,3,131078.42,2,1,0,119348.76,0.612104568
9754,15705174,Chiedozie,656,Germany,Male,68,7,153545.11,1,1,1,186574.68,0.611816322
9674,15784148,Beneventi,643,France,Male,62,9,0,2,0,0,155870.82,0.611627435
9164,15802368,Ch'eng,608,France,Female,47,6,0,1,1,1,126012.57,0.60988034
9782,15650424,Bryant,641,France,Female,48,3,147341.43,1,1,1,157458.61,0.609129299
9869,15587640,Rowntree,718,France,Female,43,0,93143.39,1,1,0,167554.86,0.608606971
9169,15650018,Chen,681,France,Female,43,8,154100.3,1,0,0,114659.81,0.605032702
9853,15718765,Maclean,501,Spain,Male,43,6,104533.24,1,0,0,81123.59,0.604720802
9063,15753110,McKay,720,Spain,Male,64,3,45752.78,2,1,0,79623.28,0.604627482
9935,15774586,West,692,Germany,Female,43,10,118588.83,1,1,1,161241.65,0.602479051
9514,15566378,Tillman,515,France,Male,48,5,129387.94,1,0,1,147955.91,0.602140286
9752,15789339,Yen,681,France,Male,59,4,122781.51,1,0,1,140166.95,0.602140286
9883,15785490,Okeke,771,France,Male,50,3,105229.72,1,1,1,16281.68,0.60190763
9980,15692664,Diribe,677,France,Female,58,1,90022.85,1,0,1,2988.28,0.599332226
9583,15742285,Andersen,559,France,Male,62,6,118756.62,1,1,1,20367.68,0.598658702
9911,15784042,L?,624,France,Male,55,7,118793.6,1,1,1,95022.02,0.597986744
9968,15603794,Pugliesi,623,France,Male,48,5,118469.38,1,1,1,158590.25,0.597986744
9917,15770516,Evdokimov,616,Spain,Female,44,7,193213.02,2,1,1,137392.77,0.59749799
9056,15645323,Chinwenma,630,France,Male,55,2,0,1,1,1,106202.07,0.597235703
9346,15758048,Miah,582,France,Male,50,2,148942,1,1,1,116944.3,0.597235703
9910,15773338,Endrizzi,739,France,Male,58,2,101579.28,1,1,1,72168.53,0.597235703
9729,15764916,Rowley,616,Germany,Female,43,7,95984.21,1,0,1,115262.54,0.596755657
9285,15705544,Ma,633,France,Male,61,3,157201.48,1,0,1,50368.63,0.595685541
9759,15701160,Azubuike,556,Germany,Female,43,4,125890.72,1,1,1,74854.97,0.594414073
9955,15739850,Trentino,645,France,Male,45,6,155417.61,1,0,1,3449.22,0.592788823
9921,15673020,Smith,678,France,Female,49,3,204510.94,1,0,1,738.88,0.592593726
9519,15714920,Balashov,585,Germany,Male,44,7,163867.86,1,1,1,112333.22,0.591459391
9794,15772363,Hilton,772,Germany,Female,42,0,101979.16,1,1,0,90928.48,0.590833516
9647,15603111,Muir,850,Spain,Male,71,10,69608.14,1,1,0,97893.4,0.589263112
9728,15807728,Ferri,530,France,Female,45,1,0,1,0,1,190663.89,0.588120899
9577,15723484,Hunt,669,Germany,Female,42,1,103873.39,1,1,0,148611.52,0.586552067
9185,15716984,Palermo,695,Spain,Female,56,4,0,2,1,0,84644.76,0.585708212
9766,15777067,Thomas,445,France,Male,64,2,136770.67,1,0,1,43678.06,0.585134073
9281,15614847,Townsend,674,France,Female,45,6,72494.69,1,0,1,140041.78,0.584940967
9715,15681274,Marshall,726,Spain,Female,56,2,105473.74,1,1,1,46044.7,0.584781579
9272,15774285,Kentish,649,Spain,Female,47,8,110783.28,1,1,1,71420.16,0.582837666
9441,15584156,Siciliani,593,Spain,Male,27,10,0,3,0,0,94620,0.582826873
9117,15672082,Schatz,562,France,Male,62,3,0,2,1,0,105986.01,0.582698354
9145,15731463,Gboliwe,818,Germany,Male,43,10,105301.5,1,1,1,78941.59,0.582521733
9546,15570073,Marian,721,Spain,Male,57,1,0,1,1,1,195940.96,0.579645914
9537,15632051,Douglas,550,Germany,Female,42,10,128707.31,1,1,0,63092.65,0.579568277
9121,15796838,Chibugo,703,Spain,Male,58,4,92930.92,1,0,1,85148.78,0.577206037
9738,15741197,Calzada,710,Spain,Male,22,8,0,3,1,0,107292.91,0.572386159
9157,15679551,Colombo,504,Spain,Female,46,2,163764.84,1,1,1,165122.55,0.570392074
9881,15777054,Thorpe,584,Germany,Male,42,3,137479.13,1,1,0,25669.1,0.569237898
9059,15802560,Moran,470,Spain,Female,48,6,140576.11,1,1,1,116971.05,0.565621982
9594,15772216,Henry,738,France,Female,67,1,130652.52,1,0,1,22762.23,0.56497221
9513,15618155,Ts'ui,663,France,Male,45,5,83195.12,1,1,1,48682.1,0.564274432
9682,15607301,Romano,651,Spain,Female,63,8,129968.67,1,1,1,11830.53,0.562840723
9015,15626383,Tang,596,Spain,Male,60,7,121907.97,1,0,1,30314.04,0.562697109
9914,15590177,Chiedozie,718,France,Female,44,1,133866.22,1,0,1,139049.24,0.561466422
9427,15675518,Charlton,499,Spain,Female,53,1,75225.53,2,0,0,144849.1,0.557212007
9784,15680430,Ajuluchukwu,601,Germany,Female,49,4,96252.98,2,1,0,104263.82,0.556034352
9365,15780362,Ferrari,607,France,Female,49,9,119960.29,2,1,0,103068.22,0.555786893
9097,15762331,Moss,569,France,Male,37,9,178755.84,1,1,0,199929.17,0.553044734
9265,15656351,Laidley,414,Spain,Male,60,3,0,2,1,1,93844.82,0.549507583
9358,15814405,Chesnokova,418,France,Female,46,9,0,1,1,1,81014.5,0.547281361
9698,15609735,Campbell,533,Germany,Male,51,6,127545.56,2,0,0,79559.02,0.546712782
9022,15712199,Ijendu,655,Germany,Female,61,2,183997.7,2,1,1,161217.18,0.542655875
9382,15756148,Nnanna,765,Spain,Male,45,2,91549.78,1,1,1,47139.44,0.542162622
9630,15601977,Burgoyne,497,Spain,Male,44,2,121250.04,1,0,1,79691.4,0.537146817
9879,15770041,Manna,728,Spain,Female,43,8,128412.61,1,0,1,139024.31,0.536407782
9757,15662698,Ko,648,Spain,Female,43,7,81153.82,1,1,1,144532.85,0.533854736
9174,15653572,Thornton,673,Spain,Male,43,8,127132.96,1,0,1,6009.27,0.533576146
9224,15623489,Tu,543,France,Female,67,0,128843.67,1,1,1,134612.48,0.532316962
9376,15641389,Shen,659,Germany,Male,48,4,123593.22,2,1,0,82469.06,0.528682449
9987,15581736,Bartlett,673,Germany,Male,47,1,183579.54,2,0,1,34047.54,0.522562574
9411,15734659,Sozonov,640,Germany,Female,46,5,107978.4,2,1,0,155876.06,0.520906953
9727,15662494,Goliwe,773,Spain,Male,43,7,138150.57,1,1,1,177357.16,0.518963967
9976,15666295,Smith,610,Germany,Male,50,1,113957.01,2,1,0,196526.55,0.514956573
9319,15611786,Tsui,668,Spain,Female,69,9,0,1,0,1,134483.07,0.511863075
9318,15585249,Mironova,741,France,Male,42,6,106036.52,1,1,0,194686.78,0.509649562
9316,15653110,Chan,694,France,Male,42,8,133767.19,1,1,0,36405.21,0.50877705
9982,15672754,Burbidge,498,Germany,Male,42,3,152039.7,1,1,1,53445.17,0.505444916
9535,15795488,Beneventi,773,Spain,Male,52,2,0,2,1,0,57337.79,0.499185777
9336,15739123,Mellor,737,Germany,Male,50,4,127552.85,2,1,0,4225.11,0.499127401
9556,15655360,Chikelu,782,Germany,Female,72,5,148666.99,1,1,0,2605.65,0.497751641
9689,15730579,Ward,850,France,Male,68,5,169445.4,1,1,1,186335.07,0.496943887
9589,15744914,Moore,539,Germany,Male,42,1,177728.55,1,1,0,105013.63,0.495046612
9469,15638047,Chia,613,Germany,Female,45,9,142765.24,2,1,0,34749.65,0.49398089
9204,15774401,Chambers,773,Spain,Male,51,4,0,2,0,0,123587.83,0.488412719
9892,15731755,Hull,680,France,Male,49,10,0,2,1,0,187008.45,0.484329246
9048,15738662,Daluchi,652,Germany,Male,41,9,159434.03,1,1,0,178373.93,0.481955568
9038,15792862,Blinova,653,Germany,Male,41,1,104584.11,1,1,0,15126.32,0.479775582
9276,15749265,Carslaw,427,Germany,Male,42,1,75681.52,1,1,1,57098,0.476734475
9403,15674156,Tretiakova,810,Germany,Male,69,3,27288.43,1,1,1,110509.9,0.476730898
9926,15605672,Yuan,694,France,Female,38,5,195926.39,1,1,1,85522.84,0.476662189
9239,15639133,Ku,773,France,Female,50,4,0,2,1,0,129372.94,0.475566115
9909,15721469,Mach,492,Germany,Male,45,9,170295.04,2,0,0,164741.81,0.47387478
9906,15784124,Emenike,645,Germany,Male,41,2,93925.3,1,1,0,123982.14,0.472994162
9639,15662337,Baldwin,744,Germany,Female,50,1,121498.11,2,0,1,106061.47,0.472634082
9301,15591628,Davies,701,Germany,Male,41,9,164046.1,1,1,0,49405.93,0.471955568
9649,15797190,Charlton,608,Germany,Female,40,7,96202.32,1,0,0,161154.85,0.470355036
9202,15788183,Longo,458,Germany,Female,43,1,106870.12,2,1,0,100564.37,0.468859507
9616,15664860,Chao,692,Spain,Female,47,3,0,2,1,0,150802.41,0.468022456
9010,15729087,Suttor,751,Germany,Male,54,9,156367.6,2,0,1,116179.92,0.46416134
9074,15611058,Eluemuno,702,Germany,Female,60,5,138597.54,2,1,1,41536.59,0.463637995
9832,15593283,Higgins,705,Germany,Female,48,1,156848.13,2,1,1,99475.95,0.463508148
9184,15676091,Iloerika,543,France,Male,42,7,0,1,1,1,56650.47,0.460324556
9839,15616367,Ricci,581,Germany,Male,39,1,121523.51,1,0,0,161655.55,0.460275747
9314,15757912,Bradley,722,Germany,Female,37,0,125977.81,1,0,0,160162.42,0.458865657
9297,15702442,Benson,586,Germany,Female,56,9,100781.75,2,1,1,54448.41,0.458582617
9859,15619514,Bull,507,Germany,Male,40,3,120105.43,1,1,0,92075.01,0.457832416
9767,15795511,Vasiliev,800,Germany,Male,39,4,95252.72,1,1,0,13906.34,0.455833875
9769,15644994,Ko,714,Germany,Male,54,4,137986.58,2,0,1,51308.54,0.45548255
9866,15691950,Parry,591,France,Male,49,3,0,2,1,0,50123.44,0.454834076
9949,15735078,Onwughara,724,Germany,Female,53,1,139687.66,2,1,1,12913.92,0.454774655
9057,15793311,Smith,765,Germany,Female,46,8,119492.88,2,0,1,166896.01,0.451713358
9593,15766066,Nikitina,668,Germany,Female,28,1,124511.01,1,0,0,114258.18,0.45089173
9398,15672467,Coles,766,France,Female,52,7,92510.9,2,0,1,66193.61,0.450568645
9187,15569452,Butler,652,Germany,Female,58,3,116353.2,2,0,1,193502.9,0.449869824
9043,15689594,Su,731,France,Male,29,5,179539.2,1,0,0,112010.02,0.449039886
9178,15770548,Lucchese,453,Germany,Female,28,3,139986.65,1,1,0,136846.75,0.447998961
9222,15576216,Chienezie,655,Germany,Female,37,4,108862.76,1,1,0,79555.08,0.447563184
9792,15742091,Parkhill,825,Germany,Female,35,6,118336.95,1,1,0,26342.33,0.447563184
9943,15683007,Torode,739,Germany,Female,25,5,113113.12,1,1,0,129181.27,0.447563184
9025,15654772,Kwemto,640,France,Female,47,6,89799.46,2,0,1,13783.77,0.447378422
9762,15736778,Adams,807,Germany,Female,60,1,72948.58,2,1,1,17355.36,0.446968784
9263,15751445,Chikwado,734,Germany,Female,52,6,71283.09,2,0,1,38984.37,0.446468749
9245,15697249,Lettiere,546,Germany,Female,25,3,132837.7,1,1,0,131647.31,0.445876599
9966,15690164,Shao,627,Germany,Female,33,4,83199.05,1,0,0,159334.93,0.445796896
9817,15649508,Chin,643,Spain,Male,48,8,0,2,1,0,174729.3,0.445266857
9572,15716085,Norris,739,Spain,Female,41,8,0,1,1,0,191694.77,0.443116772
9152,15747974,Sabbatini,614,France,Male,49,1,0,2,1,0,192440.54,0.442185395
9463,15737385,Curtis,800,Spain,Female,46,6,0,2,1,0,171928.04,0.441555543
9344,15798749,Davidson,845,Germany,Female,43,3,152063.59,2,1,0,97910.06,0.441060573
9874,15610454,Poole,724,Germany,Female,33,9,119278.44,1,1,1,197148.24,0.441023371
9150,15814331,Lung,597,Germany,Female,43,7,119127.46,2,1,0,55809.92,0.440350977
9082,15741078,Greece,736,France,Male,54,7,111729.47,2,0,1,84920.49,0.439806604
9607,15678057,Lombardi,524,France,Male,44,10,118569.03,2,0,0,82117.2,0.439398108
9396,15800961,Ugorji,627,Germany,Male,52,1,76101.81,2,0,1,177238.35,0.43876518
9781,15617432,Folliero,816,Germany,Female,40,9,109003.26,1,1,1,79580.56,0.438638986
9362,15641773,Browne,580,Germany,Male,45,2,179334.83,2,1,1,169303.65,0.438562998
9747,15782550,Ma,490,Germany,Female,41,0,139659.04,1,1,1,176254.12,0.438050084
9251,15607330,Vasilyev,713,Spain,Male,42,0,109121.71,1,0,1,167873.49,0.435910941
9525,15739847,Sadlier,850,Germany,Male,38,5,146756.68,1,1,0,78268.61,0.435865321
9951,15638494,Salinas,625,Germany,Female,39,10,129845.26,1,1,1,96444.88,0.43489263
9011,15786463,Hsing,645,Germany,Female,59,8,121669.93,2,0,0,91.75,0.433194467
9127,15666095,Costa,753,Spain,Male,51,4,79811.72,2,0,1,68260.27,0.430822565
9416,15750407,Hunt,768,Germany,Female,43,2,129264.05,2,0,0,19150.14,0.42983374
9142,15756277,Wilson,850,Germany,Female,43,8,92244.83,2,1,0,54949.73,0.429089251
9825,15658980,Matthews,711,Germany,Male,26,9,128793.63,1,1,0,19262.05,0.429016818
9257,15758451,Azuka,765,Germany,Male,37,7,102708.77,1,1,0,9087.81,0.428974806
9191,15798943,Alexander,646,France,Female,46,8,0,2,1,0,133059.15,0.427562413
9478,15592104,Lane,655,France,Female,41,5,0,1,0,0,36548,0.426548767
9179,15645637,Huggins,798,Germany,Female,39,6,119787.76,1,1,1,164248.33,0.42636445
9712,15646366,Trevisani,521,Germany,Male,41,8,120586.54,1,0,1,20491.15,0.425456796
9842,15736327,Manna,567,Germany,Female,46,1,68238.51,2,1,1,109572.58,0.424878695
9046,15749951,Sacco,766,Germany,Male,27,5,126285.73,1,1,0,177614.17,0.424814005
9417,15795370,Mazure,648,Germany,Male,37,6,131753.41,1,1,0,86894.67,0.424814005
9665,15595036,Doherty,726,Germany,Male,30,7,92847.59,1,1,0,146154.06,0.424814005
9732,15627859,Nebeolisa,607,Germany,Male,29,7,102609,1,1,0,163257.44,0.424814005
9953,15696355,Cleveland,724,Germany,Male,37,6,125489.4,1,1,0,118570.53,0.424814005
9193,15791040,Vasilyeva,801,Spain,Male,58,1,79954.61,2,1,1,30484.19,0.424579669
9196,15710315,Chukwukadibia,529,Germany,Male,29,4,135759.4,1,0,0,112813.79,0.424110555
9557,15780909,Caffyn,769,Germany,Male,34,7,115101.5,1,0,0,57841.89,0.424110555
9451,15784010,Williamson,666,Germany,Male,33,2,124125.26,1,1,0,81884.8,0.42312742
9964,15814664,Scott,740,Germany,Male,33,2,126524.11,1,1,0,136869.31,0.42312742
9826,15701936,Bell,467,Germany,Male,28,10,126315.26,1,1,0,32349.29,0.422801857
9585,15608588,Mackinlay,563,Germany,Male,41,2,100520.92,1,1,1,19412.8,0.422454769
9356,15621870,Hawkins,739,Spain,Female,40,8,0,1,1,0,167030.51,0.420285912
9475,15631481,Thomson,673,France,Male,51,8,79563.36,2,1,1,172200.91,0.419689851
9386,15759244,Boone,687,Germany,Male,44,8,95368.14,2,1,1,1787.85,0.418956603
9368,15785024,Warner,629,France,Female,40,9,137409.19,1,1,0,175877.7,0.418162072
9894,15598331,Morgan,764,France,Female,40,9,100480.53,1,1,0,124095.69,0.418162072
9496,15763460,Yao,680,France,Male,33,10,183768.47,1,1,0,164119.35,0.417070272
9408,15652835,Liang,419,Spain,Female,27,2,121580.42,1,0,1,134720.51,0.416509328
9721,15621815,Obiajulu,803,France,Female,40,6,165526.71,1,1,0,12328.08,0.415397924
9653,15726720,Blinova,480,France,Female,40,7,0,1,1,0,170332.67,0.414454679
9095,15574169,Trevisano,595,Germany,Female,32,0,92466.21,1,1,0,4721.3,0.413840486
9476,15620988,Murray,616,France,Male,46,2,0,2,1,0,137136.46,0.413437366
9214,15672216,Uvarov,584,France,Female,40,4,82441.75,1,0,0,80852.11,0.41238811
9687,15708362,Watson,793,France,Male,63,4,103729.79,2,1,1,80272.06,0.412180321
9474,15690733,Angelo,608,Spain,Male,45,4,0,2,0,0,36697.48,0.411670445
9940,15808971,Lajoie,693,Spain,Female,57,9,0,2,1,1,135502.77,0.411561566
9884,15577695,Zito,678,France,Male,41,2,148088.11,1,1,0,14083.12,0.411138205
9626,15732437,Rowley,504,Germany,Female,44,0,131873.07,2,1,1,158036.72,0.409015824
9170,15659002,Mazzanti,766,France,Female,45,6,0,2,0,0,147184.74,0.408955344
9810,15763907,Watts,820,France,Female,39,1,104614.29,1,1,0,61538.43,0.408730383
9361,15671934,Veale,552,Germany,Male,39,2,132906.88,1,0,1,149384.43,0.408567905
9823,15781298,Hughes,808,Germany,Male,39,3,124216.93,1,0,1,171442.36,0.408567905
9395,15615753,Upchurch,597,Germany,Female,35,8,131101.04,1,1,1,192852.67,0.408430682
9122,15693526,Ku,618,France,Female,40,0,0,1,1,0,119059.13,0.408070905
9105,15683339,P'eng,656,Spain,Female,34,6,59877.33,1,1,0,14032.62,0.408047161
9091,15813911,Hayes-Williams,809,France,Female,39,5,0,1,1,0,77705.75,0.407358656
9931,15713604,Rossi,425,Germany,Male,40,9,166776.6,2,0,1,172646.88,0.407296892
9153,15611315,Ts'ao,708,Germany,Female,23,4,71433.08,1,1,0,103697.57,0.406998494
9962,15566543,Aldridge,573,Spain,Male,44,9,0,2,1,0,107124.17,0.406602811
9609,15638247,Boan,700,Spain,Male,44,9,0,2,1,0,142287.65,0.406001913
9466,15815259,Fang,835,France,Female,56,2,0,2,1,1,39820.13,0.405945206
9622,15639549,Jen,718,Germany,Female,33,4,70541.06,1,0,0,88592.8,0.405660311
9114,15760662,Francis,521,Germany,Female,29,2,87212.8,1,1,1,994.86,0.405237696
9236,15586680,Fleming,462,France,Male,27,4,176913.52,1,1,0,80587.27,0.404998531
9241,15723872,Buccho,589,Spain,Female,46,10,0,2,0,1,168369.37,0.404905868
9252,15624013,Maxwell,541,France,Female,39,6,109844.81,1,1,0,25289.23,0.404804893
9302,15583857,Siciliano,623,Spain,Female,43,4,123536.52,2,0,0,154908.52,0.404769858
9392,15639665,Herbert,846,Spain,Male,61,0,0,2,1,1,96202.44,0.404686706
9580,15640407,Chidiegwu,821,Germany,Male,45,0,135827.33,2,1,1,131778.58,0.400968093
9676,15638621,Simmons,735,Spain,Male,39,1,60374.98,1,1,0,40223.74,0.40042278
9018,15690330,Efimov,830,Germany,Female,40,8,77701.64,1,0,1,19512.38,0.399003891
9809,15581115,Middleton,603,France,Female,39,9,76769.68,1,0,0,48224.72,0.398944851
9041,15653952,T'an,581,Germany,Female,38,3,135157.05,1,1,1,32919.42,0.39773326
9195,15640106,Mason,613,France,Male,40,7,124339.9,1,0,0,193309.58,0.397580984
9961,15681026,Lucciano,795,Germany,Female,33,9,104552.72,1,1,1,120853.83,0.39716733
9803,15744295,Hao,756,France,Male,40,1,94773.11,1,1,0,114279.63,0.397140479
9036,15807555,Chung,535,France,Male,45,2,0,2,1,0,125658.28,0.396930229
9230,15629010,Beam,847,Germany,Female,35,5,111743.43,1,1,1,183584.14,0.396797769
9304,15741403,Amechi,698,Spain,Female,38,1,171848.38,1,0,0,16957.45,0.395355712
9089,15608246,Wentcher,736,Germany,Female,36,8,103914.17,1,1,1,110035.88,0.395230059
9287,15586523,Paten,720,Germany,Female,29,7,106230.92,1,1,1,69903.93,0.395230059
9984,15656710,Cocci,613,France,Male,40,4,0,1,0,0,151325.24,0.394564335
9704,15667424,Forbes,682,Germany,Female,43,7,111094.05,2,1,1,64679.3,0.394090571
9495,15688951,Stoneman,789,Germany,Male,43,8,119654.44,2,0,1,148412.24,0.393681253
9167,15612103,Wang,627,Germany,Female,35,2,137852.96,1,1,1,172269.21,0.393543474
9414,15737732,Onwuemelie,751,France,Female,44,10,0,2,1,0,170634.49,0.393143788
9939,15593496,Korovin,526,Spain,Female,36,5,91132.18,1,0,0,58111.71,0.392893278
9073,15777315,Hill,529,France,Male,43,6,93616.35,2,0,0,98348.66,0.39209679
9262,15677117,Crawford,629,France,Female,61,6,0,2,1,1,133672.61,0.391598882
9424,15757385,Milne,578,Spain,Female,28,8,161592.76,1,1,0,177834.79,0.39087226
9898,15810563,Ho,678,Spain,Female,61,8,0,2,1,1,159938.82,0.390103953
9780,15712568,Angelo,515,Spain,Male,40,10,121355.99,1,1,0,138360.29,0.390049852
9864,15726179,Ferrari,757,Germany,Female,43,5,131433.33,2,1,1,3497.43,0.389059254
9731,15638487,She,586,Germany,Male,38,2,136858.42,1,0,1,189143.94,0.388740102
9457,15723604,Collins,639,France,Male,39,6,150555.83,1,1,0,30414.17,0.388652407
9350,15749093,Tretyakova,801,France,Male,43,4,158713.08,2,0,0,98586.14,0.388296728
9592,15649211,Fokina,708,Spain,Male,40,8,83015.71,1,1,0,101089.76,0.386878575
9027,15807593,Berry,546,Spain,Female,36,7,85660.96,1,0,0,134778.01,0.3865149
9162,15750049,Steele,621,France,Male,40,10,163823.37,1,0,0,89519.47,0.386489022
9553,15772009,Scott,664,France,Female,41,5,0,1,1,1,152054.33,0.386367496
9456,15603481,Robinson,689,Spain,Female,55,4,0,2,1,1,58442.25,0.385885806
9128,15643487,Sal,630,Spain,Male,39,10,105473.74,1,0,0,58854.88,0.385570765
9637,15613048,Anderson,648,Germany,Female,40,5,139973.65,1,1,1,667.66,0.385195653
9708,15687431,Faria,642,France,Female,41,7,115171.71,1,1,1,37674.47,0.383813733
9930,15696388,Artamonova,755,Germany,Male,38,4,111096.91,1,1,1,19762.88,0.383496525
9327,15601787,Greco,641,Germany,Male,35,2,103711.56,1,0,1,192464.21,0.383368437
9047,15648178,Lettiere,630,Germany,Female,23,4,137964.51,1,0,1,174570.55,0.382560372
9819,15619699,Yeh,558,France,Male,31,7,0,1,1,0,198269.08,0.381518085
9254,15667321,Cocci,644,Spain,Male,49,10,0,2,1,1,145089.64,0.381133118
9181,15568326,Kenenna,637,France,Female,44,2,0,2,1,0,149665.65,0.37989974
9280,15573854,Chukwujekwu,727,France,Male,62,5,0,2,0,1,38652.96,0.379804358
9678,15566531,Iloerika,724,Germany,Male,33,4,88046.88,1,0,1,186942.49,0.378971516
9928,15759915,Rapuokwu,814,France,Female,31,6,87772.52,1,1,0,188516.45,0.378689203
9824,15622658,Lai,551,France,Female,26,2,144258.52,1,1,0,49778.79,0.378158918
9176,15703413,Montes,519,France,Female,38,7,125328.56,1,1,0,188225.67,0.377651546
9267,15682273,Burns,683,France,Female,38,5,127616.56,1,1,0,123846.07,0.377651546
9551,15721715,Fane,769,France,Female,40,9,133871.05,1,1,1,50568.02,0.377296458
9641,15647203,Gebhart,750,France,Female,35,3,0,1,1,0,191520.5,0.377002618
9349,15807239,Lung,664,France,Female,34,7,93920.47,1,0,0,179913.98,0.376922915
9283,15799435,Hayes,619,Spain,Male,34,1,0,1,1,0,139919.38,0.376813313
9298,15699797,Santana,737,France,Male,30,8,174356.13,1,0,0,31928.5,0.376675301
9972,15721377,Chou,833,France,Female,34,3,144751.81,1,0,0,166472.81,0.37639263
9596,15724543,Mao,597,France,Male,61,5,0,2,1,1,81299.17,0.376130356
9200,15609083,Tretiakova,544,France,Female,26,6,0,1,1,0,100200.4,0.375711368
9367,15656009,McIntyre,736,France,Female,36,6,0,1,1,0,70496.66,0.375711368
9404,15695465,Gibson,638,France,Female,36,6,0,1,1,0,164247.51,0.375711368
9602,15797692,Volkova,659,France,Female,33,7,89939.62,1,1,0,136540.09,0.375711368
9632,15566139,Ts'ui,526,France,Female,37,5,53573.18,1,1,0,62830.97,0.375711368
9789,15571756,Ohearn,724,France,Female,28,5,0,1,1,0,59351.68,0.375711368
9932,15647800,Greco,850,France,Female,34,6,101266.51,1,1,0,33501.98,0.375659634
9875,15671358,Fletcher,720,France,Male,44,4,0,2,1,0,163471.01,0.374576394
9138,15583026,Welch,535,France,Female,38,0,135919.33,1,1,0,80425.65,0.374294415
9004,15792720,Martinez,676,France,Male,33,6,171490.78,1,0,0,79099.64,0.374175301
9865,15652999,Milne,742,Germany,Male,33,1,137937.95,1,1,1,51387.1,0.374025737
9341,15605804,Watson,737,France,Male,45,10,0,2,1,0,1364.54,0.373960415
9201,15567923,Barese,739,France,Female,30,6,0,1,0,0,122604.44,0.37394508
9845,15588456,Hsieh,658,France,Female,40,5,143566.12,1,1,1,189607.71,0.373655804
9266,15667438,Ferguson,675,France,Female,38,1,104016.88,1,0,0,22068.83,0.373642898
9643,15579820,Robertson,704,Spain,Male,38,6,106687.76,1,1,0,173776.5,0.373390434
9595,15619898,Chiefo,785,France,Male,55,5,0,2,1,1,7008.65,0.37337882
9634,15668057,K?,669,France,Female,31,6,113000.66,1,1,0,40467.82,0.373157605
9977,15656062,Azikiwe,637,France,Female,33,7,103377.81,1,1,0,84419.78,0.373157605
10000,15628319,Walker,792,France,Female,28,4,130142.79,1,1,0,38190.78,0.373157605
9028,15686718,Hung,802,Germany,Male,37,9,115569.21,1,0,1,119782.89,0.37311186
9485,15622370,Boyle,813,Germany,Male,30,1,116416.94,1,0,1,85808.22,0.373028987
9397,15763065,Palerma,700,Spain,Female,40,2,0,2,1,0,199753.97,0.372754582
9591,15594786,Ts'ai,772,Germany,Male,34,7,111565.91,1,1,1,121073.23,0.372737167
9696,15658675,Ts'ao,710,Germany,Male,37,6,135795.63,1,0,1,46523.6,0.372550212
9092,15630195,Johnstone,745,France,Female,40,6,131184.67,1,1,1,49815.62,0.372538687
9688,15771997,Bryant,791,France,Female,31,10,75499.24,1,1,0,22184.14,0.372272806
9970,15806360,Hou,609,France,Male,41,6,0,1,0,1,112585.19,0.371901483
9126,15604138,Iheanacho,749,Spain,Male,34,2,0,1,0,0,174189.04,0.371855727
9657,15603221,Burgess,696,Germany,Male,32,4,84421.62,1,0,1,52314.71,0.371854399
9844,15778304,Fan,646,Germany,Male,24,0,92398.08,1,1,1,18897.29,0.371785073
9702,15636912,Sneddon,678,Spain,Male,38,3,124483.53,1,1,0,126253.31,0.371703849
9455,15739248,Lin,727,France,Male,52,4,0,2,1,1,118429.02,0.371669953
9345,15720050,Barrett,727,France,Female,28,2,110997.76,1,1,0,101433.76,0.37147102
9776,15744041,Yobanna,780,France,Female,26,3,140356.7,1,1,0,117144.15,0.37147102
9144,15793197,Bailey,676,France,Female,34,8,100359.54,1,0,0,46038.28,0.371391317
9234,15722004,Hsiung,543,France,Female,31,4,138317.94,1,0,0,61843.73,0.371391317
9646,15641091,Onyemauchechukwu,695,France,Female,31,5,106089.2,1,0,0,99537.68,0.371391317
9840,15687385,McDowell,484,France,Male,41,5,0,1,1,1,74267.35,0.371337082
9370,15795458,McMillan,718,Spain,Female,39,2,0,1,1,1,52138.49,0.371137812
9620,15779973,Gibbons,684,Germany,Male,35,3,99967.76,1,1,1,176882.08,0.371050582
9799,15652981,Robinson,600,Germany,Male,30,2,119755,1,1,1,21852.91,0.371050582
9442,15702656,Yobachi,651,France,Female,33,1,96834.78,1,1,0,108764.69,0.370915245
9347,15805681,Chamberlain,716,France,Male,41,9,0,1,1,1,113267.48,0.3706746
9481,15710687,Mills,593,France,Female,33,0,95927.04,1,1,0,199478.05,0.370569628
9897,15589420,Osinachi,795,France,Female,40,2,101891.1,1,1,1,183044.86,0.37010106
9600,15690456,Yudina,749,Germany,Female,32,7,79523.13,1,0,1,157648.12,0.369962386
9132,15737705,Avdeyeva,775,France,Female,27,4,152309.37,1,1,0,104112,0.369845503
9194,15631512,Schneider,597,France,Female,26,8,149989.39,1,1,0,42330.58,0.369845503
9183,15665579,Cartwright,597,France,Female,28,0,142705.95,1,1,0,127233.39,0.369800474
9524,15790322,Beneventi,660,France,Female,32,0,114668.89,1,1,0,84605,0.369800474
9014,15799468,Catchpole,591,France,Female,34,3,96127.27,1,0,0,30972.06,0.369704732
9401,15584897,Kuo,639,France,Female,31,3,98360.03,1,0,0,20973.8,0.369704732
9110,15703682,Kalinina,681,Spain,Male,33,10,0,1,0,0,158336.36,0.369462732
9617,15664539,Bruce,683,Spain,Male,35,9,61172.04,1,0,0,82951.12,0.369462732
9922,15643575,Evseev,757,Germany,Male,36,1,65349.71,1,0,0,64539.64,0.369099341
9993,15657105,Chukwualuka,726,Spain,Male,36,2,0,1,1,0,195192.4,0.368761563
9919,15574480,Ubanwa,652,Spain,Male,31,1,132862.59,1,0,0,158054.49,0.368353471
9581,15778838,Warren,783,France,Male,38,9,114135.17,1,1,0,153269.98,0.368060497
9071,15656937,Johnston,468,Spain,Male,26,1,131643.25,1,1,0,64436.16,0.367890397
9232,15767781,Godfrey,648,France,Male,38,10,82697.28,1,1,0,74846.67,0.367875389
9446,15731951,Reilly,689,Spain,Female,28,5,95328.6,1,1,0,6129.61,0.367573759
9778,15777743,Cattaneo,705,France,Female,39,3,92224.56,1,1,1,54517.25,0.367012236
9468,15734850,Milanesi,676,Spain,Male,36,1,82729.49,1,1,0,113810.12,0.366909121
9378,15709447,Reed,584,France,Female,26,0,146286.22,1,1,0,105105.35,0.366488372
9628,15689322,Bevan,641,Spain,Male,31,3,153316.14,1,1,0,59927.99,0.365984929
9423,15778936,Ingamells,701,France,Male,33,9,147510.34,1,1,0,190611.92,0.365507885
9891,15670427,Chidi,662,Spain,Male,37,4,155187.3,1,1,0,48930.8,0.365441298
9175,15628059,DeRose,529,France,Male,61,1,0,2,1,1,191370.97,0.365307076
9633,15791006,Kodilinyechukwu,760,Germany,Female,34,6,58003.41,1,1,0,90346.1,0.365082128
9130,15747288,Ferri,838,Spain,Female,40,6,61671.19,1,0,1,150659.35,0.365046925
9954,15655952,Burke,550,France,Male,47,2,0,2,1,1,97057.28,0.364560981
9811,15705994,Udinese,712,Spain,Male,27,10,0,1,1,0,94544.88,0.36434273
9779,15623143,Lung,732,France,Female,43,9,0,2,1,0,183147.17,0.364230634
9482,15613787,Chidubem,505,Spain,Male,35,8,116932.59,1,1,0,91092.84,0.36403515
9584,15729019,Arcuri,602,Spain,Male,34,8,98382.72,1,1,0,39542,0.36403515
9612,15586522,Hunter,608,Spain,Male,37,2,130461.02,1,1,0,21967.15,0.363754713
9981,15719276,T'ao,741,Spain,Male,35,6,74371.49,1,0,0,99595.67,0.36363812
9135,15804357,Loggia,481,France,Male,40,3,0,1,1,1,32319.93,0.361935788
9508,15728885,Defalco,808,France,Male,41,0,0,1,1,1,79888.78,0.36187402
9405,15792232,Moss,595,Spain,Female,43,5,0,2,0,0,105149.8,0.361328953
9899,15746569,Tsui,589,France,Male,38,4,0,1,1,0,95483.48,0.361313951
9311,15733032,Butler,651,Spain,Male,47,2,0,2,1,1,119808.64,0.361276614
9960,15677783,Graham,764,Spain,Male,38,4,113607.47,1,1,0,91094.46,0.360657896
9354,15693926,Pan,670,Spain,Male,37,0,178742.71,1,1,1,194493.57,0.360358517
9854,15576615,Giordano,719,Spain,Male,37,10,145382.61,1,1,0,80408.59,0.36023734
9148,15781326,Ford,636,France,Male,35,9,95478.17,1,0,0,169286.74,0.360119437
9889,15697606,Sturdee,637,France,Female,21,10,125712.2,1,0,0,175072.47,0.360063029
9834,15807245,McKay,699,Germany,Female,41,1,200117.76,2,1,0,94142.35,0.359289534
9279,15584580,Fyodorova,443,France,Male,35,6,161111.45,1,0,0,13946.66,0.358997546
9003,15610727,Ch'in,605,France,Male,36,7,128829.25,1,1,0,190588.59,0.358946447
9877,15578374,Gilroy,620,Spain,Male,36,7,169312.72,1,1,0,45414.09,0.358296412
9009,15776936,Whitworth,475,France,Male,40,7,160818.08,1,0,1,169642.13,0.356537898
9734,15789413,Fitzgerald,733,France,Male,64,3,0,2,1,1,75272.63,0.356078431
9120,15576065,Sims,731,Spain,Female,40,5,171325.98,1,1,1,159718.27,0.356030034
9512,15652948,Yen,738,France,Male,33,4,92676.3,1,1,0,105817.63,0.355690834
9381,15597109,Vanzetti,627,France,Male,70,1,94416.78,1,0,1,145299.5,0.355475831
9568,15696733,McKenzie,724,France,Male,29,4,0,1,1,0,8982.75,0.355473419
9560,15761706,Y?an,705,Spain,Female,39,8,144102.32,1,1,1,11682.36,0.355235392
9714,15623566,Barnhill,714,France,Male,40,9,46520.69,1,1,1,96687.25,0.354643841
9030,15722701,Bruno,594,Germany,Male,18,1,132694.73,1,1,0,167689.56,0.35369068
9795,15659364,Thompson,685,Spain,Male,23,5,164902.43,1,0,0,141152.28,0.353277612
9388,15594576,Zhdanov,524,France,Male,32,1,144875.71,1,0,0,187740.04,0.353169096
9192,15764708,Chiabuotu,572,France,Male,30,6,117696.67,1,1,0,100843.82,0.353137071
9300,15766826,North,824,France,Male,26,7,146266,1,1,0,21903.62,0.353137071
9422,15589589,Bryan,613,France,Male,34,5,144094.2,1,1,0,44510.26,0.353137071
9597,15755084,Bezrukova,531,France,Male,37,7,121854.45,1,1,0,147521.35,0.353137071
9623,15618750,Phillips,590,France,Male,31,8,112211.61,1,1,0,26261.42,0.353137071
9831,15738224,Lin,593,France,Male,32,6,99162.29,1,1,0,128384.11,0.353137071
9923,15596811,Mitchell,667,France,Male,36,8,139753.35,1,1,0,79871.16,0.353137071
9973,15747927,Ch'in,758,France,Male,26,4,155739.76,1,1,0,171552.02,0.353137071
9994,15569266,Rahman,644,France,Male,28,7,155060.41,1,1,0,29179.52,0.353137071
9907,15776518,Pugh,579,France,Female,38,4,175739.36,1,1,1,193130.55,0.352953626
9094,15671334,Nixon,527,France,Male,31,4,0,1,1,0,169361.89,0.352951962
9124,15679029,Kung,718,France,Male,33,7,102874.28,1,0,0,117841.06,0.352433621
9413,15724648,Chikezie,725,France,Male,26,6,98684.15,1,0,0,133720.57,0.352433621
9724,15612832,Jamieson,526,France,Male,32,7,125540.05,1,0,0,86786.41,0.352433621
9739,15664547,Black,760,France,Male,37,7,0,1,0,0,32863.24,0.352248513
9098,15606901,Graham,728,France,Male,43,7,0,2,1,0,40023.7,0.351720862
9549,15758513,McDonald,569,France,Male,43,7,0,2,1,0,52534.81,0.351720862
9400,15744695,Tu,694,France,Male,39,5,77652.4,1,1,1,25407.59,0.351560307
9001,15723217,Cremonesi,616,France,Male,37,9,0,1,1,0,111312.96,0.351418162
9529,15584462,Liang,739,France,Male,34,9,0,1,1,0,60584.33,0.351418162
9796,15738980,Yobanna,506,France,Male,43,2,0,2,1,0,105568.6,0.351316641
9198,15611947,Banks,557,France,Male,34,3,83074,1,1,0,132673.22,0.351265377
9670,15597739,Tu,674,France,Male,37,3,0,1,1,0,158049.9,0.351265377
9975,15695474,Barker,583,France,Male,33,7,122531.86,1,1,0,13549.24,0.351079193
9210,15570681,Chiang,560,France,Male,24,1,116084.32,1,1,0,89734.7,0.350894711
9764,15643903,Yao,619,France,Male,27,1,154483.98,1,1,0,156394.74,0.350894711
9220,15712596,Huang,499,France,Male,31,4,0,1,1,0,25950.49,0.350890107
9761,15632143,Lung,652,France,Male,31,2,119148.55,1,0,0,149740.22,0.350747036
9168,15645353,Chubb,607,France,Male,26,1,0,1,1,0,29818.2,0.350709602
9958,15672237,Oluchi,633,France,Male,25,1,0,1,1,0,100598.98,0.350709602
9952,15763874,Ho,635,Spain,Male,46,8,0,2,1,1,60739.16,0.350203718
9528,15682868,Elliott,850,France,Female,40,9,99816.46,1,1,1,163989.66,0.349253998
9486,15656319,Toscano,850,Spain,Male,37,4,88141.1,1,1,0,109659.12,0.34901914
9173,15652615,Ferri,742,France,Male,39,8,140004.96,1,1,1,92985.78,0.349006544
9893,15796370,Shah,604,Spain,Male,40,5,155455.43,1,0,1,113581.85,0.348985337
9652,15580493,Chin,469,France,Male,33,1,127818.52,1,1,0,163477.22,0.348867684
9109,15622470,Yeh,772,Spain,Male,41,10,96032.22,1,1,1,75825.57,0.348518685
9599,15666767,Lori,508,France,Male,35,1,86893.28,1,0,0,59374.82,0.347944297
9871,15580462,Corby,607,Spain,Male,40,1,112544.45,1,1,1,19842.22,0.347694475
9225,15667944,Onuchukwu,679,France,Male,39,0,86843.61,1,0,1,159830.58,0.34758378
9502,15634146,Hou,835,Germany,Male,18,2,142872.36,1,1,1,117632.63,0.347144594
9772,15771323,Panicucci,480,Spain,Male,39,5,121626.9,1,1,1,82438.13,0.34713716
9900,15811594,Gordon,660,Spain,Female,28,3,128929.88,1,1,1,198069.71,0.347018112
9203,15735782,MacDonald,528,France,Male,31,9,120962.59,1,1,0,5419.31,0.346646862
9812,15772421,Tretiakov,645,Germany,Female,31,1,128927.93,1,1,1,2850.01,0.346628847
9064,15711521,Egobudike,609,France,Male,39,3,121778.71,1,1,1,138399.67,0.346568917
9229,15749679,Beck,699,France,Male,39,2,109724.38,1,1,1,180022.39,0.346568917
9697,15638788,Mack,550,France,Male,32,8,97514.07,1,1,1,199138.84,0.346168988
9991,15798964,Nkemakonam,714,Germany,Male,33,3,35016.6,1,1,0,53667.08,0.345556894
9851,15626012,Obidimkpa,459,France,Male,26,4,149879.66,1,0,0,50016.17,0.345257108
9487,15605130,Seccombe,753,France,Male,32,6,177729.13,1,1,1,161642.08,0.345121541
9250,15795747,Sheppard,787,Spain,Female,39,7,171646.76,1,0,1,100791.36,0.345061806
9946,15674000,Cattaneo,645,France,Male,44,10,0,2,0,1,166707.22,0.343566714
9332,15659305,Webster,605,Germany,Male,19,8,166133.28,1,1,1,107994.99,0.343295921
9040,15777614,Webb,545,Spain,Female,44,1,0,2,1,1,82614.89,0.342689037
9685,15635775,Watt,781,France,Male,33,3,89276.48,1,1,0,6959,0.340336508
9492,15619674,White,649,France,Female,35,4,108306.44,1,1,1,192486.24,0.338477313
9814,15691170,Vasilyeva,590,Spain,Female,29,10,99250.08,1,1,1,129629.41,0.338432837
9905,15722532,Angelo,690,Spain,Female,36,10,91760.11,1,1,1,135784.94,0.336735868
9348,15802809,Vidal,660,Spain,Female,36,0,84438.57,1,1,1,181449.51,0.333652634
9419,15643794,Bennett,639,Spain,Female,27,2,0,1,1,1,82938.99,0.333549537
9275,15793425,Watt,560,Spain,Female,33,9,0,1,0,1,183358.21,0.333281786
9017,15570271,Wan,577,Spain,Male,31,6,0,1,1,1,196395.25,0.333197653
9080,15730488,Richmond,516,Spain,Female,27,1,0,1,0,1,112311.15,0.333059039
9536,15581551,Yobachukwu,850,Spain,Male,41,8,132838.07,1,1,1,175347.28,0.332914277
9743,15620577,Wood,715,France,Male,45,4,0,2,1,1,55043.93,0.332906036
9501,15645600,Obidimkpa,739,Spain,Female,27,8,98926.4,1,1,1,106969.98,0.332765975
9383,15665634,Campbell,645,France,Female,38,7,59568.57,1,1,1,167723.25,0.332515018
9722,15724876,McGregor,560,France,Female,38,5,83714.41,1,1,1,33245.97,0.332515018
9430,15577913,Oliver,651,France,Female,32,8,144581.96,1,1,1,87609.5,0.332155212
9209,15744717,Duffy,726,France,Female,44,2,0,2,1,1,26733.86,0.331736281
9890,15711489,Azikiwe,760,Spain,Female,32,2,0,1,1,1,114565.35,0.331218256
9802,15578878,Hancock,569,Spain,Female,30,3,139528.23,1,1,1,33230.37,0.33107939
9375,15632538,Watson,658,Spain,Female,32,5,145553.07,1,1,1,31484.76,0.331069006
9703,15687828,Gorshkov,644,Spain,Female,31,5,86006.3,1,1,1,73922.95,0.331069006
9913,15655903,Michael,701,Spain,Female,34,6,107980.37,1,1,1,119374.74,0.331069006
9783,15728829,Weigel,509,France,Male,18,7,102983.91,1,1,0,171770.58,0.330523914
9429,15752984,Chifley,737,France,Female,70,9,87542.89,2,1,1,42576.86,0.330191937
9638,15803654,Wei,790,France,Female,31,2,151290.16,1,1,1,172437.12,0.329403908
9855,15752650,Saad,681,Spain,Female,37,6,121231.39,1,1,1,146366.08,0.32883879
9253,15800805,Maher,451,France,Female,31,7,140931.82,1,0,1,20388.77,0.328086054
9090,15676526,Bentley,608,France,Female,34,4,88772.87,1,1,1,168822.01,0.328021077
9438,15804864,Chu,670,France,Female,27,5,79336.61,1,1,1,26170.08,0.328021077
9159,15568849,Bryan,540,Spain,Female,31,10,118158.74,1,1,1,158027.57,0.327427357
9390,15756954,Lombardo,538,France,Female,32,2,0,1,1,1,80130.54,0.326334492
9490,15777907,Liang,791,France,Female,33,3,0,1,1,1,144413.92,0.326334492
9677,15720924,Chijioke,585,France,Female,34,1,0,1,1,1,75503.6,0.326275816
9328,15624715,Ma,593,Spain,Female,40,2,0,1,1,1,5194.95,0.325671719
9861,15716431,Brookes,775,France,Female,30,10,191091.74,2,1,1,96170.38,0.325547296
9199,15670266,Shih,499,France,Female,28,4,141792.61,1,1,1,22001.91,0.325467314
9470,15674573,Gearhart,713,France,Female,25,4,121172.97,1,1,1,56268.98,0.325467314
9077,15648858,King,666,France,Female,27,1,85225.21,1,0,1,64511.44,0.324216228
9108,15617434,Yen,655,Spain,Male,38,9,0,1,0,1,90490.33,0.323893166
9484,15675983,Wood,692,France,Female,36,3,79551.12,1,0,1,178267.07,0.323795292
9282,15679966,Marsh,661,France,Female,31,3,133964.3,1,1,1,166187.1,0.323780728
9440,15692226,Onwumelu,705,France,Female,31,3,142905.51,1,1,1,58134.97,0.323780728
9517,15770567,Ruiz,557,France,Female,32,3,123502.53,1,1,1,69826.8,0.323780728
9619,15693131,Watts,581,France,Female,24,3,95508.2,1,1,1,45755,0.323780728
9998,15584532,Liu,709,France,Female,36,7,0,1,0,1,42085.58,0.322504042
9542,15669290,Fan,603,France,Male,38,8,59360.77,1,1,1,191457.06,0.321826086
9494,15617657,Ts'ai,664,France,Female,36,0,103502.22,1,1,1,146191.82,0.3216298
9271,15712903,Diaz,499,France,Female,21,3,176511.08,1,1,1,153920.22,0.321109524
9805,15596136,Folliero,637,France,Female,36,9,166939.88,1,1,1,72504.76,0.320692451
9544,15613518,Bellucci,647,France,Female,35,6,112668.7,1,0,1,122584.29,0.319950279
9293,15677764,Chao,461,Germany,Female,74,1,186445.31,2,1,1,196767.83,0.319078792
9037,15603378,Padovano,768,France,Female,36,3,141334.95,1,0,1,125870.5,0.318263694
9718,15654222,Ogg,757,Spain,Male,30,3,145396.49,1,0,1,198341.15,0.317734127
9432,15598948,DeRose,523,Spain,Female,24,5,172231.93,1,0,1,155144.12,0.315624697
9244,15815534,Guidry,505,Spain,Male,37,0,134006.39,1,1,1,93736.69,0.3153227
9026,15574743,Chiu,577,Spain,Male,29,2,0,1,1,1,168924.41,0.315184302
9134,15726776,Donnelly,705,Spain,Male,36,1,111629.29,1,1,1,21807.16,0.314783449
9188,15628863,Calabresi,601,France,Male,38,4,60013.81,1,1,1,38020.05,0.314625463
9862,15798341,Victor,544,France,Male,38,8,0,1,1,1,98208.62,0.314625463
9325,15778489,Bolton,780,Germany,Male,71,9,142550.25,2,1,1,122506.78,0.314054417
9888,15646310,Mao,684,Spain,Male,24,8,143582.89,1,1,1,22527.27,0.314006841
9516,15792922,Tu,639,Spain,Male,38,9,130233.14,1,1,1,81861.1,0.313695653
9160,15747762,Chigozie,609,France,Male,32,7,118520.41,1,0,0,3815.48,0.3136204
9793,15787168,Y?,819,Spain,Female,28,8,168253.21,1,1,1,102799.14,0.312861862
9967,15590213,Ch'en,479,Spain,Male,35,4,125920.98,1,1,1,20393.44,0.312610153
9856,15797502,Lord,706,Spain,Male,24,2,141078.57,1,1,1,24402.87,0.312320256
9002,15733111,Yeh,688,Spain,Male,32,6,124179.3,1,1,1,138759.15,0.312309872
9838,15809124,T'ien,750,France,Male,38,5,151532.4,1,1,1,46555.15,0.3120717
9007,15756118,T'ao,661,Spain,Male,20,8,0,1,1,0,110252.53,0.311652786
9093,15736250,Johnstone,781,France,Male,38,2,117810.79,1,0,1,65632.33,0.31019816
9807,15648272,Medvedeva,658,Spain,Male,35,9,71829.34,1,1,1,68141.92,0.309923703
9420,15798605,Tien,686,Germany,Male,26,1,57422.62,1,1,1,79189.4,0.309874872
9830,15724200,Cheng,584,France,Male,38,1,115341.55,1,0,1,173632.92,0.309329689
9621,15620557,Ni,561,Spain,Male,37,4,101470.29,1,0,1,88838.14,0.309301629
9849,15762708,Chiemezie,619,Spain,Female,38,10,119658.49,1,1,1,8646.58,0.30760389
9945,15703923,Cameron,744,Germany,Male,41,7,190409.34,2,1,1,138361.48,0.307084961
9137,15688984,Belonwu,595,France,Male,20,4,95830.43,1,1,0,177738.98,0.306739157
9278,15604832,Hsia,633,France,Male,29,7,0,1,1,1,130224.73,0.306263474
9406,15807900,Chineze,575,France,Male,36,7,0,1,1,1,55868.97,0.306263474
9608,15806918,Ireland,674,France,Male,28,5,0,1,1,1,151925.25,0.306263474
9658,15740043,Young,606,France,Male,32,5,83161.65,1,1,1,116885.59,0.306263474
9959,15657771,Ts'ui,537,France,Male,37,6,0,1,1,1,17802.42,0.306263474
9507,15661380,Walker,682,France,Male,69,6,0,2,0,1,149604.18,0.306237529
9527,15665521,Chiazagomekpele,642,Germany,Male,18,5,111183.53,2,0,1,10063.75,0.305838
9668,15696054,Tychonoff,596,France,Male,37,2,0,1,0,1,121175.86,0.304389934
9735,15583221,Arnold,667,Germany,Male,70,3,77356.92,2,1,1,20881.96,0.304160696
9291,15634591,Saunders,850,France,Male,33,8,73059.38,1,1,1,186281,0.304136094
9806,15704597,Trumbull,644,France,Male,33,7,174571.36,1,0,1,43943.09,0.303746141
9151,15602030,Ramirez,717,France,Male,28,4,128206.79,1,1,1,54272.12,0.303709711
9270,15705383,Shen,642,France,Male,35,4,125476.31,1,1,1,91775.51,0.303709711
9295,15574608,Sidorova,713,France,Male,36,8,133889.35,1,1,1,143265.65,0.303709711
9454,15769402,Carpenter,667,France,Male,27,7,156811.74,1,1,1,149402.59,0.303709711
9540,15590337,Golubov,659,France,Male,29,6,123192.12,1,1,1,56971.41,0.303709711
9571,15624936,Yen,631,France,Male,35,8,129205.49,1,1,1,79146.36,0.303709711
9886,15574584,Fang,670,France,Male,33,8,126679.69,1,1,1,39451.09,0.303709711
9648,15679693,Walker,625,France,Male,31,5,0,2,0,1,90.07,0.30316091
9506,15571281,Ts'ao,651,France,Male,28,10,79562.98,1,1,1,74687.37,0.302680336
9997,15569892,Johnstone,516,France,Male,35,10,57369.61,1,1,1,101699.77,0.302680336
9373,15775826,Iadanza,677,France,Male,30,1,78133.15,1,0,1,174225.88,0.302456745
9627,15665158,Chukwuemeka,813,Spain,Male,27,1,137275.36,1,0,1,115733.16,0.302160059
9223,15620750,Sugden,559,France,Male,28,3,141099.43,1,1,1,15607.27,0.302023126
9363,15701972,Parsons,684,France,Male,35,3,137179.39,1,1,1,37264.11,0.302023126
9458,15797822,Kingsley,678,France,Male,28,2,109137.12,1,1,1,58814.41,0.302023126
9447,15580953,Forbes,544,France,Male,30,4,73218.89,1,0,1,126796.69,0.301809278
9464,15714789,Perez,664,France,Male,24,7,0,1,0,1,35611.35,0.301809278
9788,15752626,Genovese,553,France,Male,32,7,64082.09,1,0,1,109159.58,0.301809278
9755,15572114,Shih,673,Spain,Male,40,1,121629.22,1,1,1,3258.6,0.301702669
9758,15696047,Chimezie,501,France,Male,35,6,99760.84,1,1,1,13591.52,0.301647855
9355,15791501,Carroll,590,France,Male,43,8,0,2,1,1,143628.31,0.301634588
9452,15571586,Briggs,524,Spain,Male,29,3,159035.45,1,1,0,2705.31,0.301417173
9804,15776558,Nicholls,673,France,Male,31,1,108345.22,1,0,1,38802.03,0.3009677
9590,15669611,Mott,632,France,Male,71,3,83116.68,1,1,1,27597.76,0.30050248
9768,15610419,Chukwueloka,554,France,Male,33,3,117413.95,1,1,1,12766.74,0.299965248
9206,15758750,Iweobiegbunam,564,France,Male,31,0,110527.17,1,1,1,87060.77,0.299872197
9433,15574142,Chuang,458,Germany,Female,28,2,171932.26,2,1,1,9578.24,0.29969002
9366,15753229,Genovese,802,France,Male,29,9,127414.55,1,1,1,134459.12,0.299376573
9372,15781987,Akhtar,641,France,Male,31,9,112494.99,1,1,1,32231.6,0.299376573
9106,15685476,Tseng,658,France,Male,31,5,100082.14,1,0,1,49809.88,0.299255514
9587,15786418,Chiu,546,France,Female,20,6,0,1,0,1,20508.85,0.298927765
9573,15641688,Collier,644,Spain,Male,18,7,0,1,0,1,59645.24,0.297260462
9340,15722845,Meldrum,665,Spain,Male,29,1,182781.74,2,1,1,63732.9,0.295486588
9472,15776404,Williamson,523,France,Male,22,8,123374.46,1,1,1,124906.59,0.295029994
9988,15588839,Mancini,606,Spain,Male,30,8,180307.73,2,1,1,1914.41,0.292252815
9488,15672574,Uspenskaya,850,Spain,Female,32,5,0,1,1,1,3830.59,0.289814907
9933,15813451,Fleetwood-Smith,677,Spain,Male,18,8,134796.87,2,1,1,114858.9,0.281993618
9521,15673180,Onyekaozulu,727,Germany,Female,18,2,93816.7,2,1,0,126172.11,0.281348922
9473,15579345,Murphy,775,Germany,Female,74,0,161371.5,1,1,1,134869.93,0.279157484
9247,15682523,Chigozie,762,France,Male,20,1,139432.55,1,1,1,85606.83,0.278824723
9790,15814040,Munroe,610,France,Female,45,1,0,2,1,1,199657.46,0.276510567
9650,15788025,Tseng,715,France,Female,38,0,0,2,1,1,332.81,0.275988156
9083,15753161,Dickson,768,France,Female,36,5,180169.44,2,1,0,17348.56,0.274338979
9259,15652674,Hou,539,France,Male,20,0,83459.86,1,1,1,146752.67,0.268605581
9020,15810227,Fanucci,421,France,Male,34,2,0,2,1,1,96615.23,0.265444152
9944,15659495,Fu,784,Spain,Male,23,2,0,1,1,1,6847.73,0.259223507
9999,15682355,Sabbatini,772,Germany,Male,42,3,75075.31,2,1,0,92888.52,0.256049917
9969,15733491,McGregor,512,Germany,Female,40,8,153537.57,2,0,0,23101.13,0.255217395
9683,15694628,Walker,686,Germany,Female,39,4,157731.6,2,1,0,162820.6,0.252075735
9971,15587133,Thompson,518,France,Male,42,7,151027.05,2,1,0,119377.36,0.251411341
9709,15604515,Yefremov,737,Germany,Female,22,10,111543.26,2,0,0,106327.85,0.250390893
9660,15751926,Trentino,821,Germany,Male,42,3,87807.29,2,1,1,64613.81,0.250354723
9588,15653050,Norriss,719,Germany,Female,76,10,95052.29,1,1,0,176244.87,0.249859414
9273,15583138,Persse,739,France,Male,42,2,141642.92,2,1,0,172149.76,0.247786799
9099,15713559,Onyemauchechukwu,473,Germany,Female,32,5,146602.25,2,1,1,72946.95,0.246238113
9299,15648047,Williamson,742,Germany,Male,27,5,190125.43,2,0,0,21793.59,0.245598748
9012,15717498,Boni,775,France,Male,42,6,133970.22,2,0,1,187839.9,0.241061841
9111,15727391,Collier,688,Germany,Male,29,9,144553.5,2,1,0,143454.95,0.241021005
9190,15793723,Ch'iu,607,Germany,Male,32,9,144272.07,2,1,0,176580.63,0.241021005
9786,15609187,Cox,455,France,Female,27,5,155879.09,2,0,0,70774.97,0.240598839
9294,15571917,Eluemuno,771,Germany,Female,38,5,137657.71,2,1,0,72985.61,0.239417585
9049,15640855,T'ien,729,Germany,Male,40,5,113574.61,2,1,0,103396.08,0.238862516
9238,15655175,Wallace,740,Germany,Male,40,4,114318.78,2,1,0,129333.69,0.238862516
9523,15664504,Beede,418,France,Male,35,7,0,2,1,1,88878.15,0.237733951
9680,15605067,Nwachinemelu,472,France,Male,19,9,0,2,1,0,3453.4,0.237626567
9051,15760988,Liu,667,Germany,Male,33,9,124573.33,2,0,0,683.37,0.236589658
9692,15754599,K'ung,765,France,Male,42,4,123311.39,2,1,1,82868.34,0.235922933
9545,15728043,Udinese,648,Germany,Female,37,7,138503.51,2,1,0,57215.85,0.235867849
9212,15605531,Daly,457,Spain,Female,38,6,0,2,1,0,173219.09,0.235664328
9141,15784323,Gallo,449,France,Female,21,7,0,2,0,0,175743.92,0.235372612
9813,15711572,O'Kane,705,Germany,Female,31,9,110941.93,2,1,0,163484.8,0.232578791
9445,15781903,Odinakachukwu,581,Germany,Male,41,2,127913.71,2,1,1,44205.95,0.23091487
9084,15711396,Henderson,427,Spain,Male,40,8,0,2,1,1,82870.75,0.230502277
9147,15691323,Bianchi,672,Germany,Male,40,4,89025.88,2,1,0,188892.19,0.230400145
9749,15680201,Marcelo,627,Germany,Male,24,5,102773.2,2,1,0,56793.02,0.229677502
9711,15624677,Marquez,543,Germany,Female,37,3,122304.65,2,0,0,33998.7,0.229614531
9156,15680666,Berry,579,Spain,Female,39,2,151963.26,2,1,0,158948.63,0.229607582
9131,15790599,Yin,756,Germany,Female,39,5,149363.12,2,1,1,109098.39,0.228875261
9068,15684645,Ajuluchukwu,704,Germany,Male,41,9,62078.21,2,1,0,129050.67,0.228236017
9857,15687329,Hope,763,Germany,Female,32,1,108465.65,2,1,0,60552.44,0.227985949
9387,15672027,McIntyre,717,Germany,Female,33,10,102185.42,2,1,0,23231.93,0.226640343
9449,15628274,Ferri,583,Germany,Male,35,8,149995.72,2,1,0,42143.55,0.226471028
9246,15681316,Tai,681,France,Female,41,0,120549.29,2,1,0,175722.31,0.225420016
9243,15630704,Haworth,612,Germany,Male,32,9,106520.73,2,1,0,177092.16,0.225017272
9763,15734917,Castiglione,708,Germany,Male,21,8,133974.36,2,1,0,50294.09,0.224545624
9562,15810010,Dahlenburg,678,Germany,Male,36,6,118448.15,2,1,0,53172.02,0.224240569
9052,15569624,Feng,671,Germany,Female,31,6,105864.6,2,1,0,145567.34,0.224131356
9258,15688689,Esposito,678,Germany,Female,37,8,149000.91,2,1,1,21472.42,0.223767792
9116,15692977,Ikenna,612,Germany,Female,36,2,130700.92,2,0,0,77592.8,0.22239807
9552,15688563,Marchesi,694,Germany,Male,31,4,141989.27,2,1,0,26116.82,0.222266768
9261,15649618,Tomlinson,799,Germany,Female,39,7,167395.6,2,0,1,139537.43,0.222063902
9876,15747130,Tsao,521,France,Male,39,7,0,2,0,1,653.58,0.221747571
9500,15700813,Igwebuike,522,Germany,Female,25,5,94049.92,2,1,0,103269,0.221736965
9725,15804295,Pinto,485,France,Male,41,2,100254.76,2,1,1,12706.67,0.22161451
9979,15703563,P'eng,774,France,Male,40,9,93017.47,2,1,0,191608.97,0.221183349
9329,15763093,Nucci,540,Germany,Female,35,7,128369.75,2,1,0,198256.15,0.221138699
9852,15792077,Degtyaryov,671,Germany,Male,28,8,119859.52,2,1,0,125422.66,0.219658762
9070,15777459,Gordon,619,Spain,Female,32,4,175406.13,2,1,1,172792.43,0.218494602
9901,15645896,Duncan,646,Germany,Male,39,6,121681.91,2,0,1,61793.47,0.217899008
9775,15739692,Tsui,679,France,Male,42,1,0,2,0,0,71823.15,0.215990041
9269,15785183,Chukwuebuka,596,Spain,Male,29,2,0,2,1,1,1591.19,0.21570394
9308,15680405,P'eng,685,France,Male,40,2,168001.34,2,1,1,167400.29,0.215132504
9618,15583692,Chan,591,Germany,Female,35,2,90194.34,2,1,0,57064.57,0.215041825
9471,15694859,McLean,751,Germany,Female,28,10,132932.14,2,1,1,46630.47,0.213565631
9086,15579189,Mitchell,690,France,Female,42,5,0,2,0,1,120512.08,0.212837047
9391,15619130,Simpson,752,Germany,Female,37,5,113291.05,2,1,1,132467.54,0.21222545
9664,15607634,Cobb,606,Germany,Male,40,9,95293.86,2,0,1,96985.58,0.211810108
9226,15584928,Ugochukwutubelum,594,Germany,Female,32,4,120074.97,2,1,1,162961.79,0.21103801
9044,15801920,Christian,727,Germany,Male,39,5,80615.46,2,0,0,180962.32,0.209706388
9034,15586029,Davis,806,Germany,Male,34,2,96152.68,2,1,0,143711.02,0.208908158
9436,15635752,Lo,685,Germany,Male,38,4,111798.06,2,1,1,102184.66,0.208519785
9656,15668971,Nicholson,583,France,Female,40,4,55776.39,2,1,0,26920.43,0.207720023
9938,15782475,Edith,700,France,Female,42,8,0,2,1,1,105305.72,0.207569753
9741,15572021,Ts'ao,798,Germany,Female,29,8,80204.11,2,1,0,70223.22,0.207523725
9096,15718839,Tsui,850,Germany,Female,38,2,102741.15,2,0,1,23974.85,0.206255793
9787,15609521,Chimaraoke,803,Germany,Male,34,4,142929.16,2,1,1,114869.56,0.206238056
9518,15738042,Goliwe,543,Germany,Male,37,8,140894.06,2,1,1,118059.19,0.205933289
9143,15663312,Marino,494,France,Female,35,9,112727.06,2,1,0,183752.91,0.203694453
9231,15768465,Sheppard,582,Germany,Male,35,8,121309.17,2,1,1,28750.67,0.203592882
9306,15598046,Su,662,France,Female,39,5,139562.05,2,1,0,61636.22,0.203402466
9060,15728608,Walker,688,Germany,Female,34,9,91025.58,2,0,1,163783,0.203240668
9112,15711062,Thomas,633,Germany,Male,40,5,86172.81,2,1,1,117279.49,0.202819808
9313,15658946,Piccio,579,Germany,Male,40,10,45408.85,2,1,0,18732.91,0.202172072
9965,15642785,Douglas,479,France,Male,34,5,117593.48,2,0,0,113308.29,0.201601266
9240,15799653,Fiorentino,583,Germany,Female,32,7,94753.55,2,1,1,18149.03,0.201477654
9260,15806327,Cyril,800,France,Female,40,3,75893.11,2,1,0,132562.23,0.201162653
9550,15772604,Chiemezie,578,Spain,Male,36,1,157267.95,2,1,0,141533.19,0.200574702
9765,15569526,Morales,601,France,Male,40,10,98627.13,2,0,0,77977.69,0.200473339
9744,15609643,Furneaux,752,Germany,Male,32,9,115587.49,2,0,1,101677.46,0.20027241
9522,15660636,Carpenter,540,Spain,Female,40,8,0,2,1,0,3560,0.200083804
9797,15794236,Thorpe,642,Germany,Male,22,10,111812.52,2,1,1,183045.46,0.199894106
9067,15725509,Otutodilinna,662,Germany,Male,30,5,115286.68,2,1,1,149587.92,0.19859479
9936,15603454,Sanders,735,Germany,Male,28,5,160454.15,2,0,1,114957.22,0.197980402
9450,15615444,Y?an,663,Germany,Male,28,8,123674.28,2,1,1,87985.2,0.197867317
9565,15720083,Fiorentino,554,Spain,Male,42,1,0,2,0,1,183492.9,0.19695967
9113,15567339,Shaw,735,France,Male,73,9,0,1,1,1,114283.33,0.196937054
9511,15735849,Kanayochukwu,617,France,Female,26,2,165947.99,2,0,1,168834.38,0.196603537
9379,15762682,Mitchell,709,Spain,Female,35,1,111827.27,2,1,0,12674.68,0.196368922
9756,15804009,Amechi,806,Germany,Male,36,8,167983.17,2,1,1,106714.28,0.194830286
9078,15810732,Grant,730,France,Female,36,8,148749.29,2,1,0,91830.75,0.194760793
9180,15590888,Wade,693,Spain,Female,34,10,107556.06,2,0,0,154631.35,0.194682713
9289,15769308,Herbert,635,Germany,Female,36,9,81231.85,2,1,0,196731.08,0.194254866
9574,15796834,Rivers,652,Germany,Male,35,7,104015.54,2,1,1,55207.88,0.192141453
9426,15683977,Owens,687,Spain,Female,72,4,0,2,1,1,50267.69,0.191976059
9353,15610090,Han,667,France,Male,40,8,72945.29,2,1,0,98931.5,0.189426822
9459,15665064,Harvey,523,France,Male,36,8,158351.02,2,1,0,155304.53,0.188953089
9985,15696175,Echezonachukwu,602,Germany,Male,35,7,90602.42,2,1,1,51695.41,0.187866819
9915,15568876,Hughes,496,France,Female,34,1,102723.35,2,1,0,180844.81,0.18719613
9125,15753639,Gibson,608,France,Male,37,5,146093.39,2,0,0,160593.41,0.187154538
9773,15750549,Akobundu,660,Germany,Male,30,1,84440.1,2,1,1,60485.98,0.186649069
9021,15807194,Iweobiegbulam,718,Spain,Male,34,5,113922.44,2,1,0,30772.22,0.186154148
9448,15810390,Amadi,718,France,Female,41,1,0,2,0,1,27509.52,0.185380142
9062,15724444,Wall,567,France,Female,38,1,125877.65,2,1,1,107841.77,0.184688975
9058,15764153,Rowe,704,France,Female,33,0,130499.09,2,1,1,74804.36,0.184600458
9644,15709354,Tudawali,521,France,Female,41,2,0,2,1,1,113089.43,0.1832675
9075,15630413,Howarth,608,France,Female,41,5,0,2,1,1,72462.25,0.182396486
9530,15661708,She,508,France,Female,41,5,0,2,1,1,94170.84,0.182396486
9567,15743193,Olson,644,France,Male,37,6,117271.8,2,1,0,104217.96,0.182019495
9531,15584452,Bozeman,667,France,Male,41,6,0,2,0,0,167181.77,0.181694322
9013,15718406,Marshall,540,France,Male,41,3,0,2,1,0,121098.65,0.181556116
9701,15797149,Lloyd,563,Spain,Female,36,4,143680.47,2,1,1,63531.19,0.181190689
9691,15791674,Sutherland,846,France,Female,34,10,142388.61,2,0,1,68393.64,0.1807013
9872,15736371,Kennedy,633,France,Female,34,3,123034.43,2,1,1,38315.04,0.180414959
9986,15586914,Nepean,659,France,Male,36,6,123841.49,2,1,0,96833,0.18025508
9822,15629793,Banks,652,Spain,Male,28,8,156823.7,2,1,0,198251.52,0.177720098
9843,15746704,Jibunoh,638,Spain,Male,30,9,136808.53,2,1,1,106642.97,0.177524901
9736,15768495,Chidimma,700,France,Female,32,8,110923.15,2,1,1,161845.81,0.177017885
9158,15778915,Harris,737,France,Female,32,7,128551.36,2,0,1,189402.71,0.177011524
9887,15719541,Flannagan,675,Spain,Male,31,2,90826.27,2,1,0,60270.87,0.177005992
9268,15580912,McNeill,748,France,Male,32,5,154737.88,2,1,1,172638.13,0.176846094
9102,15660980,Cairns,597,Spain,Male,38,6,115702.67,2,1,1,25059.05,0.176654308
9326,15786389,Chuang,635,Spain,Female,41,10,0,2,1,1,61994.2,0.176518727
9407,15743760,Davidson,850,France,Male,31,6,131996.66,2,1,1,178747.43,0.176435108
9882,15621021,Dwyer,687,Spain,Female,40,1,0,2,1,0,8207.36,0.175553686
9858,15779423,K?,716,France,Male,39,1,70657.61,2,1,1,76476.05,0.175426828
9186,15715078,Nkemakolam,584,France,Male,35,6,161613.94,2,1,1,148238.16,0.175313755
9916,15813140,Taylor,543,Spain,Male,41,5,0,2,0,1,143980.29,0.174264947
9016,15597385,Siddons,573,Spain,Male,41,5,0,2,0,1,14479.29,0.173541825
9908,15611247,McKenzie,481,France,Female,28,10,0,2,1,0,145215.96,0.17233802
9673,15723013,Sutherland,613,Germany,Male,28,7,76656.4,2,1,1,185483.24,0.17103101
9384,15739997,Capon,716,France,Female,23,2,94464.81,2,0,1,185900.88,0.170982818
9662,15742019,Benford,675,France,Female,39,6,0,2,0,0,83419.15,0.169356654
9076,15635942,Thomson,576,France,Male,40,9,0,2,1,0,112465.19,0.168778498
9847,15596405,Udinese,546,Spain,Male,25,7,127728.24,2,1,1,105279.74,0.168651903
9659,15712264,Plumb,713,France,Female,39,10,0,2,1,1,126263.97,0.168508873
9123,15748595,Stanton,689,France,Female,29,1,77556.79,2,1,1,122998.26,0.167741696
9290,15676810,Jen,561,France,Female,31,1,81480.27,2,1,1,65234.6,0.167741696
9443,15606552,Akabueze,741,France,Male,37,9,105261.76,2,1,1,149503.54,0.167294544
9489,15659355,McKenzie,671,Spain,Male,32,6,123912.78,2,1,1,146636.44,0.16714858
9631,15801462,Yermakov,716,France,Male,31,8,109578.04,2,1,1,51503.51,0.167039681
9292,15679804,Esquivel,636,France,Male,36,5,117559.05,2,1,1,111573.3,0.166399632
9431,15591980,Hill,753,France,Male,33,5,122568.05,2,1,1,82820.85,0.166399632
9929,15686219,Wan,611,France,Male,38,4,71018.6,2,1,0,2444.29,0.166360302
9248,15650244,Bezrukov,786,Spain,Male,29,7,80895.44,2,1,0,64945.57,0.166229084
9428,15584812,Overby,693,Spain,Female,39,0,0,2,0,0,81901.6,0.166140077
9695,15659710,Lascelles,581,France,Male,25,5,77886.53,2,1,0,150319.49,0.165741458
9605,15687363,McMillan,770,France,Male,31,3,155047.56,2,1,1,186064.34,0.165714118
9827,15686917,Tu,789,Spain,Female,40,4,0,2,1,0,137402.27,0.165206794
9606,15733444,Phillips,736,France,Female,29,9,0,2,0,0,176152.7,0.16518343
9393,15571065,Lehr,532,Spain,Female,39,0,0,2,1,0,94977.3,0.164753176
9579,15810891,Lorenzo,662,France,Male,34,2,117731.79,2,0,1,55120.79,0.16432082
9155,15690337,Chinwenma,581,France,Female,27,5,102258.11,2,1,0,194681.6,0.164088343
9645,15728480,Iloerika,452,France,Female,35,8,0,2,1,1,149614.81,0.163855565
9197,15771535,Tsui,794,Spain,Female,37,9,0,2,1,0,68008.85,0.163822566
9846,15664035,Parsons,590,Spain,Female,38,9,0,2,1,1,148750.16,0.163477523
9586,15610557,McCarthy,695,Spain,Female,35,7,79858.13,2,1,1,127977.66,0.163136831
9425,15666200,Lombardo,689,France,Female,40,1,0,2,1,1,119446.64,0.162483702
9848,15815097,Root,603,France,Female,34,9,0,2,1,0,167916.35,0.161992347
9576,15604732,Milani,483,France,Female,30,9,0,2,0,0,136356.97,0.161854436
9640,15650924,Foster,761,Spain,Female,32,4,103515.39,2,1,1,177622.38,0.1613565
9564,15624374,Maclean,703,France,Male,28,9,0,2,0,1,2151.17,0.161095332
9948,15732202,Abramovich,615,France,Male,34,1,83503.11,2,1,1,73124.53,0.160217953
9465,15786035,Gosnell,740,France,Male,39,9,0,2,1,0,19047.23,0.16007679
9323,15739042,Bogolyubov,767,France,Female,35,9,0,2,1,0,39511.61,0.159953261
9215,15812893,Costa,629,France,Female,39,10,0,2,1,1,43174.49,0.159579253
9305,15783589,Toscano,616,France,Male,40,9,0,2,0,0,93717.55,0.159463142
9069,15692235,Bellucci,750,France,Female,38,1,0,2,1,0,47764.99,0.159219837
9435,15733229,Rodriguez,638,Spain,Female,34,7,0,2,0,0,3946.29,0.159086738
9700,15570145,Long,763,France,Female,23,2,0,2,1,0,153983.99,0.158970754
9509,15618950,Lo Duca,644,Spain,Male,26,8,96659.64,2,1,1,138775.69,0.158520643
9227,15779913,Davidson,586,France,Male,27,5,130231.8,2,1,1,192427.16,0.157384114
9570,15643523,Power,710,Spain,Female,30,10,0,2,1,0,19500.1,0.156970657
9995,15719294,Wood,800,France,Female,29,2,0,2,0,0,167773.55,0.156334469
9118,15600280,Tao,703,France,Female,32,6,0,2,0,0,33606.52,0.155978772
9705,15759872,L?,625,France,Male,22,9,0,2,1,0,157072.91,0.155952623
9104,15728362,Robertson,671,France,Female,29,3,0,2,1,0,158043.11,0.154859891
9723,15696588,Lung,679,France,Female,36,3,0,2,1,1,2243.41,0.154816533
9483,15599211,Findlay,707,France,Male,40,1,0,2,1,0,14090.4,0.154800099
9837,15777958,Ch'ien,587,France,Male,39,10,0,2,1,1,170409.45,0.154565281
9791,15658211,Morrison,559,Spain,Female,39,2,0,2,1,1,121151.1,0.154336206
9033,15658435,Hingston,781,France,Female,27,5,0,2,0,0,72969.9,0.153958472
9671,15651336,Chidiebere,756,France,Female,32,4,0,2,1,0,147040.25,0.153731366
9903,15797665,Docherty,730,France,Female,27,7,0,2,1,0,144099.48,0.153531365
9054,15604551,Robb,732,France,Female,35,3,0,2,1,0,90876.95,0.153448686
9343,15694321,Su,619,France,Female,28,3,0,2,1,0,53394.12,0.153448686
9726,15712536,Fallaci,625,France,Female,36,3,0,2,1,0,41295.1,0.153078316
9750,15767594,Azubuike,533,France,Female,35,8,0,2,1,1,187900.12,0.152970449
9707,15754926,Lucchesi,512,France,Female,30,6,0,2,1,0,88827.31,0.152874583
9604,15698927,Ritchie,675,France,Male,39,7,0,2,0,1,36267.21,0.152818292
9133,15737194,Tu,635,France,Female,33,5,0,2,1,0,122949.71,0.152577672
9661,15589401,Allen,550,France,Female,30,4,0,2,1,0,89216.29,0.152577672
9760,15790093,Aguirre,627,France,Female,27,2,0,2,1,0,125451.01,0.152351125
9228,15644977,Goddard,776,France,Female,31,5,0,2,1,0,92647.94,0.152320161
9205,15737971,Cowen,646,France,Female,30,5,0,2,1,0,13935.32,0.152207301
9538,15780409,Egobudike,783,France,Male,40,6,0,2,1,0,109742.55,0.152153236
9740,15797293,Sopuluchukwu,677,France,Female,25,3,0,2,1,0,179608.96,0.15210257
9284,15752186,Padovano,562,France,Female,27,3,0,2,1,0,28137.03,0.151980755
9520,15782121,Leonard,610,France,Female,27,2,0,2,1,0,14546.76,0.151980755
9610,15674833,Shao,741,France,Female,35,1,0,2,1,0,36557.55,0.151677042
9462,15728605,Hung,697,France,Male,40,4,0,2,0,1,26543.28,0.151122955
9087,15743545,Nworie,647,Spain,Female,29,2,0,2,1,0,179032.68,0.151057306
9032,15742323,Barese,541,France,Male,39,7,0,2,1,0,19823.02,0.150703564
9996,15606229,Obijiaku,771,France,Male,39,5,0,2,1,0,96270.64,0.150519512
9785,15687626,Zhirov,527,France,Male,39,4,0,2,1,0,167183.07,0.150433885
9418,15656829,Hughes,577,Spain,Female,33,6,0,2,1,0,57975.8,0.150016034
9733,15622192,Young,724,Spain,Male,39,3,0,2,0,1,95562.81,0.149922093
9716,15762573,Bednall,680,Spain,Female,34,7,0,2,1,0,98949.85,0.149415136
9055,15617476,Manfrin,546,France,Female,30,5,0,2,0,1,198543.09,0.149324442
9374,15807457,Abernathy,641,Spain,Female,36,1,0,2,1,0,102021.39,0.148244828
9399,15752915,Hsueh,488,France,Female,34,2,0,2,1,1,181270.84,0.148141334
9924,15786789,Ni,725,France,Female,29,6,0,2,1,1,190776.83,0.148016824
9615,15615931,Aitken,746,France,Female,37,4,0,2,0,1,171039.56,0.147009204
9829,15574523,Cheng,576,France,Male,39,1,0,2,1,1,68814.23,0.146820836
9635,15580805,Marino,655,France,Male,27,10,0,2,1,0,51620.94,0.146298215
9655,15773098,Ch'in,834,Spain,Male,34,5,0,2,0,0,53437.1,0.146235613
9870,15782231,Andrejew,521,France,Male,38,6,0,2,1,0,51454.06,0.145947573
9798,15721383,Harvey,627,Spain,Male,40,10,0,2,1,1,194792.42,0.145671139
9651,15646168,Ifeatu,834,Spain,Male,33,5,0,2,1,0,66285.18,0.145079003
9947,15618171,James,669,France,Female,33,9,0,2,0,1,107221.03,0.145038426
9288,15609176,Cawthorne,688,France,Female,32,5,0,2,0,1,177607.77,0.145034716
9149,15595640,Rizzo,698,France,Male,37,8,0,2,0,0,145004.39,0.144928191
9629,15596624,Topp,662,France,Female,22,9,0,2,1,1,44377.65,0.14447398
9434,15582903,Edwards,643,France,Male,39,7,0,2,1,1,170392.59,0.144124687
9177,15610433,Kwemto,573,France,Male,35,9,0,2,1,0,11743.89,0.144057965
9941,15791972,Bergamaschi,748,France,Female,20,7,0,2,0,0,10792.42,0.143899139
9213,15605339,Baker,673,France,Female,37,10,0,2,1,1,37411.35,0.143303085
9815,15600106,Wei,631,France,Male,36,1,0,2,0,0,133141.34,0.143049373
9808,15594915,Crist,649,France,Female,36,8,0,2,0,1,109179.89,0.142893183
9679,15718064,Chia,635,Spain,Male,29,2,0,2,0,0,117173.8,0.142774028
9582,15709256,Glover,850,France,Female,28,9,0,2,1,1,164864.67,0.142735525
9563,15627027,Shih,738,France,Male,39,5,0,2,1,1,114388.98,0.142694247
9663,15660611,Gallo,748,Spain,Male,39,3,0,2,1,1,123998.52,0.142622345
9978,15579969,Mancini,683,France,Female,32,9,0,2,1,1,24991.92,0.142618003
9498,15617454,Ifeatu,684,France,Female,25,1,0,2,0,1,144978.47,0.142088524
9497,15756992,Chukwukere,701,France,Male,37,1,0,2,1,0,163457.55,0.142027734
9389,15707138,Nagy,679,Spain,Male,39,5,0,2,1,1,100060.54,0.142008841
9867,15632446,Allan,667,France,Male,24,4,0,2,0,0,180329.83,0.141762893
9321,15780215,Berry,636,France,Male,31,6,0,2,1,1,2382.61,0.141680268
9303,15752534,Mironov,744,France,Male,36,10,0,2,1,1,182867.84,0.141469522
9165,15767488,Berry,680,Spain,Male,36,7,0,2,1,0,20109.21,0.141032286
9320,15575486,Okoli,529,France,Female,27,1,0,2,1,1,37769.98,0.140979617
9904,15778959,Brookes,606,France,Female,36,10,0,2,0,1,155641.46,0.140626936
9548,15682454,McFarland,626,France,Female,34,3,0,2,1,1,37870.29,0.140566015
9510,15609804,Hyde,688,France,Male,29,1,0,2,1,0,154695.57,0.14026332
9873,15648032,Young,588,Spain,Male,37,2,0,2,0,1,187816.59,0.140205989
9575,15720123,Hudson,554,Spain,Male,37,3,0,2,1,0,166177.3,0.140198348
9005,15723153,Wearing,708,Spain,Male,33,3,0,2,1,0,138613.21,0.140063252
9369,15670492,Gordon,737,France,Male,28,8,0,2,1,0,106390.01,0.140032355
9539,15572767,Shelby,777,France,Male,29,2,0,2,1,0,124489.88,0.140005809
9613,15794297,McKay,776,France,Male,36,1,0,2,1,0,53477.76,0.140005809
9066,15693637,Ochoa,556,France,Female,30,7,0,2,1,1,186648.19,0.139912744
9681,15655335,Becher,590,France,Male,36,1,0,2,1,0,48876.84,0.13989295
9503,15686743,Moody,790,Spain,Male,29,3,46057.96,2,1,1,189777.66,0.13977591
9742,15637461,Ukaegbunam,758,France,Male,35,7,0,2,1,0,77951.84,0.139774844
9816,15745431,Chinonyelum,604,France,Male,34,7,0,2,1,1,188078.55,0.139325095
9050,15584288,Hung,629,France,Female,33,6,0,2,1,1,59129.72,0.13926467
9850,15776211,Toscani,678,France,Female,34,6,0,2,1,1,124592.84,0.13926467
9480,15596212,Yang,781,Spain,Male,35,1,0,2,0,0,42117.9,0.139110922
9920,15798084,Murray,688,France,Male,26,0,0,2,1,0,105784.85,0.139055517
9115,15605737,George,541,France,Male,36,5,0,2,1,0,124795.84,0.139049168
9818,15812611,Lorimer,690,Spain,Female,30,5,0,2,0,1,78700.03,0.139000925
9264,15749669,Hargreaves,542,France,Female,31,3,0,2,1,1,115217.59,0.138925225
9989,15589329,Pirozzi,775,France,Male,30,4,0,2,1,0,49337.84,0.138764424
9569,15677522,Rossi,593,France,Male,33,1,0,2,0,0,9984.4,0.138409074
9140,15779904,Yobanna,597,France,Female,29,5,0,2,1,1,174825.57,0.138272137
9380,15626042,Webb,690,Spain,Female,26,2,0,2,1,1,93255.85,0.137989468
9359,15729359,Chambers,837,France,Female,29,9,0,2,1,1,41866.26,0.137927295
9453,15748616,Napolitani,599,France,Male,27,5,0,2,1,0,30546.4,0.137924374
9421,15637324,Kay,657,France,Female,28,7,0,2,0,1,5177.62,0.137369682
9515,15565879,Riley,845,France,Female,28,9,0,2,1,1,56185.98,0.136856916
9249,15648638,Chia,629,Spain,Male,34,6,0,2,1,0,190347.72,0.136260877
9335,15777217,Somadina,641,Spain,Male,25,10,0,2,1,1,180808.39,0.136097814
9667,15781689,Macadam,758,Spain,Male,35,5,0,2,1,0,95009.6,0.135579313
9543,15621140,Nwebube,644,Spain,Male,37,9,0,2,1,1,96442.86,0.134533929
9410,15591150,Nwebube,570,Spain,Male,34,10,0,2,0,1,183387.12,0.134317581
9841,15607877,Maclean,576,Spain,Male,26,8,0,2,0,1,34101.06,0.133925151
9554,15809585,H?,646,France,Male,38,7,0,2,1,0,1528.4,0.13344584
9706,15572374,Hopetoun,733,Spain,Male,36,1,0,2,0,1,108377.82,0.133371596
9307,15643330,Chukwuemeka,594,France,Male,37,2,0,2,0,1,95864.5,0.133356762
9598,15730441,Dodd,509,France,Male,26,10,0,2,1,1,6177.83,0.131960534
9836,15616172,Ubanwa,838,France,Male,31,2,0,2,1,0,8222.96,0.131731456
9309,15728683,Lombardo,742,France,Male,27,0,0,2,0,1,131534.96,0.131551167
9255,15601116,P'an,686,France,Male,32,6,0,2,1,1,179093.26,0.130893561
9274,15740160,Okwukwe,616,France,Male,31,1,0,2,1,1,54706.75,0.130401196
9746,15603883,Ch'in,818,France,Male,36,4,0,2,1,1,8037.03,0.130192197
9942,15676869,T'ien,657,Spain,Male,36,8,0,2,0,1,123866.43,0.129975899
9684,15607112,Chiawuotu,606,France,Male,32,6,0,2,0,1,36540.63,0.129896915
9119,15804052,Scott,710,Spain,Male,23,6,0,2,1,1,134188.11,0.129559242
9927,15603674,Knight,803,France,Male,36,1,0,2,1,1,149370.93,0.129436074
9828,15807312,Hsia,602,Spain,Male,33,5,0,2,0,1,64038.34,0.129283686
9008,15684934,Rose,726,France,Male,31,9,0,2,1,1,106117.3,0.128970338
9217,15701364,Doherty,724,France,Male,30,10,0,2,1,1,54265.55,0.128970338
9331,15780256,Palfreyman,630,France,Male,34,9,0,2,1,1,114006.35,0.128970338
9642,15682778,Fedorov,680,France,Male,34,9,0,2,1,1,95686.6,0.128970338
9242,15775627,Gordon,509,France,Male,35,8,0,2,0,1,67431.28,0.128483398
9364,15749114,Bailey,634,Spain,Male,35,3,0,2,1,1,19515.48,0.128292975
9342,15702061,Findlay,654,France,Male,29,7,0,2,1,1,149184.15,0.127949473
9730,15615330,Tretiakova,651,France,Male,23,10,0,2,1,1,170099.23,0.127919549
9461,15581089,Knight,744,Spain,Male,35,7,0,2,1,1,43036.6,0.127804499
9777,15700714,Hollis,747,France,Male,29,7,0,2,1,1,141706.43,0.127691962
9023,15694995,O'Sullivan,712,France,Male,23,2,0,2,0,1,66795.78,0.127580923
9666,15745794,Cocci,547,France,Male,30,6,0,2,1,1,18471.86,0.127530491
9956,15611338,Kashiwagi,714,Spain,Male,29,4,0,2,1,1,37605.9,0.12742196
9189,15778192,Nkemdilim,628,Spain,Male,28,4,0,2,1,1,176750.81,0.127417116
9218,15762588,Kaleski,644,France,Male,31,5,0,2,1,1,41872.17,0.127117715
9088,15791316,Boni,714,France,Male,35,3,0,2,1,1,95623.28,0.126918349
9669,15752467,Johnson,720,Spain,Male,34,3,0,2,1,1,77047.78,0.126852224
9974,15806455,Miller,611,France,Male,27,7,0,2,1,1,157474.1,0.126851912
9006,15802823,Maclean,745,Spain,Female,38,7,0,2,1,1,194230.82,0.126787309
9101,15743075,Ko,659,France,Male,35,6,0,2,1,1,58879.11,0.126687384
9863,15651958,Giles,756,France,Male,27,8,0,2,1,1,157932.75,0.126594401
9533,15643828,Teng,592,France,Male,29,7,0,2,1,1,91196.67,0.126460111
9675,15578098,Jamieson,600,France,Male,31,8,0,2,1,1,121555.51,0.126460111
9100,15768881,Saunders,738,France,Male,29,2,0,2,1,1,170421.13,0.126446651
9868,15620936,Warren,787,France,Male,32,4,0,2,1,1,13238.93,0.126444774
9547,15777033,Chizoba,524,France,Male,29,7,0,2,1,1,105448.74,0.126116974
9024,15723400,Hutchinson,663,France,Male,28,4,0,2,1,1,123969.64,0.126047335
9330,15572073,Yao,663,Spain,Male,35,5,0,2,1,1,62634.94,0.12598121
9774,15698462,Chiu,532,France,Male,36,4,0,2,1,1,132798.78,0.125476925
9161,15753679,Mullawirraburka,778,France,Male,24,4,0,2,1,1,162809.2,0.124739035
9990,15605622,McMillan,841,Spain,Male,28,4,0,2,1,1,179436.6,0.121570548
9713,15701768,Tung,637,France,Male,32,3,0,2,1,1,197827.06,0.115076356
9753,15781530,Hsieh,690,France,Male,21,8,0,2,1,1,155782.89,0.114225464
9310,15621644,Lombardi,678,Germany,Male,83,6,123356.63,1,0,1,92934.41,0.109108286
9672,15636061,Pope,649,Germany,Male,78,4,68345.86,2,1,1,142566.75,0.107346311
9895,15704795,Vagin,521,France,Female,77,6,0,2,1,1,49054.1,0.100568327
9737,15644103,Wells,659,Spain,Male,78,2,151675.65,1,0,1,49978.67,0.092781343
9334,15714680,Bianchi,755,France,Female,78,5,121206.96,1,1,1,76016.49,0.090657204
9937,15653037,Parks,609,France,Male,77,1,0,1,0,1,18708.76,0.07654002
9491,15655171,Yermakova,624,France,Male,80,3,0,1,1,1,65801.44,0.074198941
9081,15620443,Fiorentino,711,France,Female,81,6,0,2,1,1,72276.24,0.067282595
